-- create database wasail;
use wasail;
INSERT INTO user_tables (phone_number, name, password, username, language, user_type, created_at, updated_at) VALUES
(03214377009, 'Fizza Adeel', 'password@123', 'fizza', 'English', 'Vendor', '2023-12-17T12:34:56', '2023-12-19T12:34:56');
SELECT * FROM wasail.user_tables;

INSERT INTO vendors (vendor_name, delivery_locations, image, created_at, updated_at, user_table_user_id) VALUES
('The Coca Cola Company', 'Gulberg', 'vendors/the-coca-cola-company.png', '2023-12-17T12:34:56', '2023-12-19T12:34:56', 1),
('Nestle Company', 'Gulberg', 'vendors/nestle.png', '2023-12-17T12:34:56', '2023-12-19T12:34:56', 1),
('PepsiCo', 'Dha', 'vendors/pepsi-co.png', '2023-12-17T12:34:56', '2023-12-19T12:34:56', 1),
('K&N Foods', 'Dha', 'vendors/k&n.png', '2023-12-17T12:34:56', '2023-12-19T12:34:56', 1),
('Big Bird Foods', 'State life', 'vendors/big-bird.png', '2023-12-17T12:34:56', '2023-12-19T12:34:56', 1),
('Engro Corporation', 'State life', 'vendors/engro.png', '2023-12-17T12:34:56', '2023-12-19T12:34:56', 1),
('Unilever', 'Gulberg', 'vendors/unilever.png', '2023-12-17T12:34:56', '2023-12-19T12:34:56', 1);
SELECT * FROM wasail.vendors;

INSERT INTO grocery_stores (store_number, store_name, image, store_address, created_at, updated_at, user_table_user_id, model) VALUES
(5, 'Esajees', 'stores/esajees.png', 'Shop 175, Y Block Market, DHA Phase 3', '2023-12-17T12:34:56', '2023-12-19T12:34:56', 1, 'xgb'),
(8, 'Jalal Sons', 'stores/jalal_sons.png', 'Shop 5, H Block Market, DHA Phase 2', '2023-12-17T12:34:56', '2023-12-19T12:34:56', 1, 'xgb'),
(16, 'Alfatah', 'stores/alfatah.png', 'Shop 30, A Block Market, State Life', '2023-12-17T12:34:56', '2023-12-19T12:34:56', 1, 'xgb'),
(19, 'Imtiaz', 'stores/imtiaz.png', 'Shop 301, Lalik Chowk, DHA Phase 3 ', '2023-12-17T12:34:56', '2023-12-19T12:34:56', 1, 'xgb'),
(22, 'Carrefour', 'stores/carrefour.png', 'Shop 29, Main Boulevard, Gulberg II', '2023-12-17T12:34:56', '2023-12-19T12:34:56', 1, 'xgb'),
(25, 'Metro', 'stores/metro.png', 'B Block Market, Model Town', '2023-12-17T12:34:56', '2023-12-19T12:34:56', 1, 'xgb'),
(33, 'Green Valley', 'stores/green-valley.png', 'Shop 62, Mall of lahore, Cantt', '2023-12-17T12:34:56', '2023-12-19T12:34:56', 1, 'xgb'),
(37, 'H.Karim Baksh', 'stores/h-karim-baksh.png', 'Shop 60, Main Boulevard, Lake City', '2023-12-17T12:34:56', '2023-12-19T12:34:56', 1, 'xgb'),
(41, 'Carrefour', 'stores/carrefour.png', 'Shop 87, Emporium, Johar Town', '2023-12-17T12:34:56', '2023-12-19T12:34:56', 1, 'xgb'),
(47, 'Alfatah', 'stores/alfatah.png', 'A Block Market, Lake City', '2023-12-17T12:34:56', '2023-12-19T12:34:56', 1, 'xgb'),
(51, 'Imtiaz', 'stores/imtiaz.png', 'Shop 4, D Block Market, State Life', '2023-12-17T12:34:56', '2023-12-19T12:34:56', 1, 'xgb');
SELECT * FROM wasail.grocery_stores;

INSERT INTO orders (order_date, delivery_date, total_bill, order_status, created_at, updated_at, grocery_store_store_id, vendor_vendor_id) VALUES
('2024-05-06', '2024-08-21', '35000', 'On Its Way', '2023-12-17T12:34:56', '2023-12-19T12:34:56', 1, 1),
('2024-01-12', '2024-01-19', '40400', 'Delivered', '2023-12-17T12:34:56', '2023-12-19T12:34:56', 1, 6),
('2024-05-13', '2024-05-25', '160500', 'In Process', '2023-12-17T12:34:56', '2023-12-19T12:34:56', 2, 2),
('2024-05-21', '2024-05-23', '8250', 'On Its Way', '2023-12-17T12:34:56', '2023-12-19T12:34:56', 2, 3),
('2024-04-15', '2024-04-21', '9600', 'Delivered', '2023-12-17T12:34:56', '2023-12-19T12:34:56', 2, 3),
('2024-05-16', '2024-05-18', '37100', 'On Its Way', '2023-12-17T12:34:56', '2023-12-19T12:34:56', 2, 4),
('2024-02-07', '2024-02-08', '41500', 'Delivered', '2023-12-17T12:34:56', '2023-12-19T12:34:56', 2, 4),
('2024-05-01', '2024-05-23', '25570', 'In Process', '2023-12-17T12:34:56', '2023-12-19T12:34:56', 2, 7),
('2024-05-08', '2024-05-22', '128850', 'On Its Way', '2023-12-17T12:34:56', '2023-12-19T12:34:56', 2, 7),
('2024-03-03', '2024-03-08', '73585', 'Delivered', '2023-12-17T12:34:56', '2023-12-19T12:34:56', 2, 7),
('2024-02-11', '2024-02-14', '83050', 'Delivered', '2023-12-17T12:34:56', '2023-12-19T12:34:56', 2, 7),
('2024-04-30', '2024-05-21', '10500', 'In Process', '2023-12-17T12:34:56', '2023-12-19T12:34:56', 3, 3),
('2024-01-03', '2024-01-07', '40250', 'Delivered', '2023-12-17T12:34:56', '2023-12-19T12:34:56', 3, 3),
('2024-05-05', '2024-05-07', '33200', 'On Its Way', '2023-12-17T12:34:56', '2023-12-19T12:34:56', 3, 5);
SELECT * FROM wasail.orders;

INSERT INTO products (product_number, product_name, image, created_at, updated_at) VALUES
(0, 'Coca Cola 1.5 litre', 'products/coca-cola-1.5-litre.jpg', '2023-12-17T12:34:56', '2023-12-19T12:34:56'),
(2, 'Coca Cola 500 ml', 'products/coca-cola-500-ml.jpg', '2023-12-17T12:34:56', '2023-12-19T12:34:56'),
(3, 'Nestle Water 1.5 Litre', 'products/nestle-water-1.5-litre.jpg', '2023-12-17T12:34:56', '2023-12-19T12:34:56'),
(5, 'Nestle Water 500 ml', 'products/nestle-water-500-ml.jpg', '2023-12-17T12:34:56', '2023-12-19T12:34:56'),
(6, 'Aquafina Water 500 ml', 'products/aquafina-water-500-ml.jpg', '2023-12-17T12:34:56', '2023-12-19T12:34:56'),
(7, 'K&N Nuggets', 'products/k&n-nuggets.jpg', '2023-12-17T12:34:56', '2023-12-19T12:34:56'),
(8, 'K&N Kebab', 'products/k&n-kebab.png', '2023-12-17T12:34:56', '2023-12-19T12:34:56'),
(9, 'Big Bird Nuggets', 'products/big-bird-nuggets.jpg', '2023-12-17T12:34:56', '2023-12-19T12:34:56'),
(10, 'Big Bird Kebab', 'products/big-bird-kebab.jpg', '2023-12-17T12:34:56', '2023-12-19T12:34:56'),
(11, 'Nestle Milk Pak', 'products/nestle-milk-pak.jpg', '2023-12-17T12:34:56', '2023-12-19T12:34:56'),
(12, 'Olpers Milk', 'products/olpers-milk.jpg', '2023-12-17T12:34:56', '2023-12-19T12:34:56'),
(13, 'Lays Salted', 'products/lays-salted.png', '2023-12-17T12:34:56', '2023-12-19T12:34:56'),
(15, 'Lays Masala', 'products/lays-masala.png', '2023-12-17T12:34:56', '2023-12-19T12:34:56'),
(16, 'Cheetos Salted', 'products/cheetos-salted.jpg', '2023-12-17T12:34:56', '2023-12-19T12:34:56'),
(18, 'Knorr Ketchup', 'products/knorr-ketchup.png', '2023-12-17T12:34:56', '2023-12-19T12:34:56'),
(21, 'Knorr Chilli Ketchup', 'products/knorr-chilli-ketchup.png', '2023-12-17T12:34:56', '2023-12-19T12:34:56'),
(22, 'Knorr Masala Noodles', 'products/knorr-noodles.png', '2023-12-17T12:34:56', '2023-12-19T12:34:56'),
(23, 'Lipton Tea', 'products/lipton-tea.png', '2023-12-17T12:34:56', '2023-12-19T12:34:56'),
(24, 'Lipton Green Teabags', 'products/lipton-green-tea-bag.jpg', '2023-12-17T12:34:56', '2023-12-19T12:34:56'),
(25, 'Nestle Nescafe Coffee', 'products/nestle-nescafe-coffee.jpg', '2023-12-17T12:34:56', '2023-12-19T12:34:56'),
(27, 'Walls Vanilla Icecream', 'products/walls-vanilla-icecream.jpg', '2023-12-17T12:34:56', '2023-12-19T12:34:56'),
(28, 'Walls Chocolate Icecream', 'products/walls-chocolate-icecream.jpg', '2023-12-17T12:34:56', '2023-12-19T12:34:56'),
(29, 'Nestle Yogurt', 'products/nestle-yogurt.jpg', '2023-12-17T12:34:56', '2023-12-19T12:34:56'),
(30, 'Dove Shampoo', 'products/dove-shampoo.png', '2023-12-17T12:34:56', '2023-12-19T12:34:56'),
(32, 'Dove Conditioner', 'products/dove-conditioner.png', '2023-12-17T12:34:56', '2023-12-19T12:34:56');
SELECT * FROM wasail.products;

INSERT INTO product_categories (category_name, image, created_at, updated_at) VALUES
('Beverages', 'categories/beverages.png', '2023-12-17T12:34:56', '2023-12-19T12:34:56'),
('Frozen Items', 'categories/frozen-items.png', '2023-12-17T12:34:56', '2023-12-19T12:34:56'),
('Dairy', 'categories/dairy.png', '2023-12-17T12:34:56', '2023-12-19T12:34:56'),
('Edibles', 'categories/edibles.png', '2023-12-17T12:34:56', '2023-12-19T12:34:56'),
('Condiments', 'categories/condiments.png', '2023-12-17T12:34:56', '2023-12-19T12:34:56'),
('Tea and Coffee', 'categories/tea-and-coffee.png', '2023-12-17T12:34:56', '2023-12-19T12:34:56'),
('Personal Care', 'categories/personal-care.png', '2023-12-17T12:34:56', '2023-12-19T12:34:56');
SELECT * FROM wasail.product_categories;

INSERT INTO product_inventories (price, available_amount, listed_amount, vendor_vendor_id, product_product_id, created_at, updated_at) VALUES
('200', '30', '25', 1, 1, '2023-12-19T12:34:56', '2023-12-19T12:34:56'),
('100', '70', '65', 1, 2, '2023-12-19T12:34:56', '2023-12-19T12:34:56'),
('150', '180', '160', 2, 3, '2023-12-19T12:34:56', '2023-12-19T12:34:56'),
('70', '200', '190', 2, 4, '2023-12-19T12:34:56', '2023-12-19T12:34:56'),
('70', '100', '85', 3, 5, '2023-12-19T12:34:56', '2023-12-19T12:34:56'),
('1200','40', '40', 4, 6,'2023-12-19T12:34:56','2023-12-19T12:34:56'),
('1000', '50', '45', 4, 7, '2023-12-19T12:34:56', '2023-12-19T12:34:56'),
('1150', '72', '65', 5, 8, '2023-12-19T12:34:56', '2023-12-19T12:34:56'),
('850', '55', '55', 5, 9, '2023-12-19T12:34:56', '2023-12-19T12:34:56'),
('160', '55', '55', 2, 10, '2023-12-19T12:34:56', '2023-12-19T12:34:56'),
('170', '110', '100', 6, 11, '2023-12-19T12:34:56', '2023-12-19T12:34:56'),
('60', '300', '250', 3, 12, '2023-12-19T12:34:56', '2023-12-19T12:34:56'),
('60', '320', '280', 3, 13, '2023-12-19T12:34:56', '2023-12-19T12:34:56'),
('40', '280', '280', 3, 14, '2023-12-19T12:34:56', '2023-12-19T12:34:56'),
('450', '80', '70', 7, 15, '2023-12-19T12:34:56', '2023-12-19T12:34:56'),
('480', '70', '70', 7, 16, '2023-12-19T12:34:56', '2023-12-19T12:34:56'),
('70', '200', '185', 7, 17, '2023-12-19T12:34:56', '2023-12-19T12:34:56'),
('515', '73', '63', 7, 18, '2023-12-19T12:34:56', '2023-12-19T12:34:56'),
('620', '87', '82', 7, 19, '2023-12-19T12:34:56', '2023-12-19T12:34:56'),
('320', '125', '125', 2, 20, '2023-12-19T12:34:56', '2023-12-19T12:34:56'),
('670', '250', '225', 7, 21, '2023-12-19T12:34:56', '2023-12-19T12:34:56'),
('670', '240', '215', 7, 22, '2023-12-19T12:34:56', '2023-12-19T12:34:56'),
('165', '147', '140', 2, 23, '2023-12-19T12:34:56', '2023-12-19T12:34:56'),
('875', '220', '215', 7, 24, '2023-12-19T12:34:56', '2023-12-19T12:34:56'),
('1075', '230', '230', 7, 25, '2023-12-19T12:34:56', '2023-12-19T12:34:56');
SELECT * FROM wasail.product_inventories;

INSERT INTO order_details (quantity, unit_price, total_price, created_at, updated_at, order_order_id, product_inventory_product_inventory_id) VALUES
('100', '200', '20000', '2023-12-17T12:34:56', '2023-12-19T12:34:56', 1, 1),
('150', '100', '15000', '2023-12-17T12:34:56', '2023-12-19T12:34:56', 1, 2),
('50', '150', '7500', '2023-12-17T12:34:56', '2023-12-19T12:34:56', 2, 3),
('250', '70', '17500', '2023-12-17T12:34:56', '2023-12-19T12:34:56', 2, 4),
('220', '70', '15400', '2023-12-17T12:34:56', '2023-12-19T12:34:56', 2, 5),
('120', '70', '8400', '2023-12-17T12:34:56', '2023-12-19T12:34:56', 3, 5),
('60', '1200', '72000', '2023-12-17T12:34:56', '2023-12-19T12:34:56', 3, 6),
('60', '1000', '60000', '2023-12-17T12:34:56', '2023-12-19T12:34:56', 3, 7),
('30', '670', '20100', '2023-12-17T12:34:56', '2023-12-19T12:34:56', 3, 21),
('50', '165', '8250', '2023-12-17T12:34:56', '2023-12-19T12:34:56', 4, 23),
('60', '60', '3600', '2023-12-17T12:34:56', '2023-12-19T12:34:56', 5, 12),
('60', '60', '3600', '2023-12-17T12:34:56', '2023-12-19T12:34:56', 5, 13),
('40', '40', '2400', '2023-12-17T12:34:56', '2023-12-19T12:34:56', 5, 14),
('30', '450', '13500', '2023-12-17T12:34:56', '2023-12-19T12:34:56', 6, 15),
('25', '480', '12000', '2023-12-17T12:34:56', '2023-12-19T12:34:56', 6, 16),
('80', '70', '5600', '2023-12-17T12:34:56', '2023-12-19T12:34:56', 6, 17),
('30', '200', '6000', '2023-12-17T12:34:56', '2023-12-19T12:34:56', 6, 1),
('25', '1150', '28750', '2023-12-17T12:34:56', '2023-12-19T12:34:56', 7, 8),
('15', '850', '12750', '2023-12-17T12:34:56', '2023-12-19T12:34:56', 7, 9),
('37', '160', '5920', '2023-12-17T12:34:56', '2023-12-19T12:34:56', 8, 10),
('50', '170', '8500', '2023-12-17T12:34:56', '2023-12-19T12:34:56', 8, 11),
('10', '620', '6200', '2023-12-17T12:34:56', '2023-12-19T12:34:56', 8, 19),
('30', '165', '4950', '2023-12-17T12:34:56', '2023-12-19T12:34:56', 8, 23),
('80', '875', '70000', '2023-12-17T12:34:56', '2023-12-19T12:34:56', 9, 24),
('55', '1070', '58850', '2023-12-17T12:34:56', '2023-12-19T12:34:56', 9, 25),
('20', '450', '9000', '2023-12-17T12:34:56', '2023-12-19T12:34:56', 10, 15),
('30', '480', '14400', '2023-12-17T12:34:56', '2023-12-19T12:34:56', 10, 16),
('50', '70', '3500', '2023-12-17T12:34:56', '2023-12-19T12:34:56', 10, 17),
('55', '515', '28325', '2023-12-17T12:34:56', '2023-12-19T12:34:56', 10, 18),
('30', '620', '18360', '2023-12-17T12:34:56', '2023-12-19T12:34:56', 10, 19),
('100', '670', '67000', '2023-12-17T12:34:56', '2023-12-19T12:34:56', 11, 22),
('15', '1070', '16050', '2023-12-17T12:34:56', '2023-12-19T12:34:56', 11, 25),
('70', '150', '10500', '2023-12-17T12:34:56', '2023-12-19T12:34:56', 12, 3),
('35', '1150', '40250', '2023-12-17T12:34:56', '2023-12-19T12:34:56', 13, 8),
('10', '1200', '12000', '2023-12-17T12:34:56', '2023-12-19T12:34:56', 14, 6),
('10', '1000', '10000', '2023-12-17T12:34:56', '2023-12-19T12:34:56', 14, 7),
('35', '320', '11200', '2023-12-17T12:34:56', '2023-12-19T12:34:56', 14, 20);
SELECT * FROM wasail.order_details;

INSERT INTO lists (created_at, updated_at, grocery_store_store_id, vendor_vendor_id) VALUES
('2023-12-17T12:34:56', '2023-12-19T12:34:56', 1, 1),
('2023-12-17T12:34:56', '2023-12-19T12:34:56', 1, 6),
('2023-12-17T12:34:56', '2023-12-19T12:34:56', 2, 2),
('2023-12-17T12:34:56', '2023-12-19T12:34:56', 2, 3),
('2023-12-17T12:34:56', '2023-12-19T12:34:56', 2, 4),
('2023-12-17T12:34:56', '2023-12-19T12:34:56', 2, 7),
('2023-12-17T12:34:56', '2023-12-19T12:34:56', 3, 3),
('2023-12-17T12:34:56', '2023-12-19T12:34:56', 3, 5),
('2023-12-17T12:34:56', '2023-12-19T12:34:56', 4, 1),
('2023-12-17T12:34:56', '2023-12-19T12:34:56', 4, 2),
('2023-12-17T12:34:56', '2023-12-19T12:34:56', 4, 7),
('2023-12-17T12:34:56', '2023-12-19T12:34:56', 5, 6),
('2023-12-17T12:34:56', '2023-12-19T12:34:56', 5, 7),
('2023-12-17T12:34:56', '2023-12-19T12:34:56', 6, 4),
('2023-12-17T12:34:56', '2023-12-19T12:34:56', 6, 6),
('2023-12-17T12:34:56', '2023-12-19T12:34:56', 6, 2),
('2023-12-17T12:34:56', '2023-12-19T12:34:56', 7, 1),
('2023-12-17T12:34:56', '2023-12-19T12:34:56', 7, 5),
('2023-12-17T12:34:56', '2023-12-19T12:34:56', 7, 7),
('2023-12-17T12:34:56', '2023-12-19T12:34:56', 8, 4),
('2023-12-17T12:34:56', '2023-12-19T12:34:56', 9, 1),
('2023-12-17T12:34:56', '2023-12-19T12:34:56', 9, 3),
('2023-12-17T12:34:56', '2023-12-19T12:34:56', 10, 2),
('2023-12-17T12:34:56', '2023-12-19T12:34:56', 10, 6),
('2023-12-17T12:34:56', '2023-12-19T12:34:56', 10, 7);
SELECT * FROM wasail.lists;

INSERT INTO product_category_links (created_at, updated_at, product_product_id, product_category_product_category_id) VALUES
('2023-12-17T12:34:56', '2023-12-19T12:34:56', 1, 1),
('2023-12-17T12:34:56', '2023-12-19T12:34:56', 2, 1),
('2023-12-17T12:34:56', '2023-12-19T12:34:56', 3, 1),
('2023-12-17T12:34:56', '2023-12-19T12:34:56', 4, 1),
('2023-12-17T12:34:56', '2023-12-19T12:34:56', 5, 1),
('2023-12-17T12:34:56', '2023-12-19T12:34:56', 6, 2),
('2023-12-17T12:34:56', '2023-12-19T12:34:56', 7, 2),
('2023-12-17T12:34:56', '2023-12-19T12:34:56', 8, 2),
('2023-12-17T12:34:56', '2023-12-19T12:34:56', 9, 2),
('2023-12-17T12:34:56', '2023-12-19T12:34:56', 10, 3),
('2023-12-17T12:34:56', '2023-12-19T12:34:56', 11, 3),
('2023-12-17T12:34:56', '2023-12-19T12:34:56', 12, 4),
('2023-12-17T12:34:56', '2023-12-19T12:34:56', 13, 4),
('2023-12-17T12:34:56', '2023-12-19T12:34:56', 14, 4),
('2023-12-17T12:34:56', '2023-12-19T12:34:56', 15, 5),
('2023-12-17T12:34:56', '2023-12-19T12:34:56', 16, 5),
('2023-12-17T12:34:56', '2023-12-19T12:34:56', 17, 4),
('2023-12-17T12:34:56', '2023-12-19T12:34:56', 18, 6),
('2023-12-17T12:34:56', '2023-12-19T12:34:56', 19, 6),
('2023-12-17T12:34:56', '2023-12-19T12:34:56', 20, 6),
('2023-12-17T12:34:56', '2023-12-19T12:34:56', 21, 2),
('2023-12-17T12:34:56', '2023-12-19T12:34:56', 22, 2),
('2023-12-17T12:34:56', '2023-12-19T12:34:56', 23, 3),
('2023-12-17T12:34:56', '2023-12-19T12:34:56', 24, 7),
('2023-12-17T12:34:56', '2023-12-19T12:34:56', 25, 7);
SELECT * FROM wasail.product_category_links;

INSERT INTO admins (admin_role, email, user_table_user_id, created_at, updated_at) VALUES
('Fizza Adeel', 'fizza@gmail.com', 1, '2023-12-17T12:34:56', '2023-12-19T12:34:56'),
('Irtaza Ahmed', 'irtaza@gmail.com', 1, '2023-12-17T12:34:56', '2023-12-19T12:34:56'),
('Malaika Sultan', 'malaika@gmail.com', 1, '2023-12-17T12:34:56', '2023-12-19T12:34:56'),
('Fatima Tirmizi', 'fatima@gmail.com', 1, '2023-12-17T12:34:56', '2023-12-19T12:34:56');
SELECT * FROM wasail.admins;

