date,family,sales,onpromotion,typeholiday,dcoilwtico,day,month,year
2016-09-13,BEVERAGES,1942.0,0,NDay,44.91,13,9,2016
2016-09-13,DAIRY,703.0,0,NDay,44.91,13,9,2016
2016-09-13,FROZEN FOODS,95.0,0,NDay,44.91,13,9,2016
2016-09-13,MEATS,288.823,0,NDay,44.91,13,9,2016
2016-09-13,SEAFOOD,34.034,0,NDay,44.91,13,9,2016
2016-09-14,BEVERAGES,1992.0,6,NDay,43.62,14,9,2016
2016-09-14,DAIRY,773.0,5,NDay,43.62,14,9,2016
2016-09-14,FROZEN FOODS,84.0,0,NDay,43.62,14,9,2016
2016-09-14,MEATS,254.219,0,NDay,43.62,14,9,2016
2016-09-14,SEAFOOD,26.5,1,NDay,43.62,14,9,2016
2016-09-15,BEVERAGES,1766.0,44,NDay,43.85,15,9,2016
2016-09-15,DAIRY,674.0,3,NDay,43.85,15,9,2016
2016-09-15,FROZEN FOODS,88.0,0,NDay,43.85,15,9,2016
2016-09-15,MEATS,204.803,0,NDay,43.85,15,9,2016
2016-09-15,SEAFOOD,18.231,0,NDay,43.85,15,9,2016
2016-09-16,BEVERAGES,2414.0,46,NDay,43.04,16,9,2016
2016-09-16,DAIRY,834.0,0,NDay,43.04,16,9,2016
2016-09-16,FROZEN FOODS,112.0,0,NDay,43.04,16,9,2016
2016-09-16,MEATS,724.147,51,NDay,43.04,16,9,2016
2016-09-16,SEAFOOD,36.321,5,NDay,43.04,16,9,2016
2016-09-17,BEVERAGES,2521.0,54,NDay,43.0403366058906,17,9,2016
2016-09-17,DAIRY,789.0,0,NDay,43.04075736325385,17,9,2016
2016-09-17,FROZEN FOODS,139.82,0,NDay,43.04100981767181,17,9,2016
2016-09-17,MEATS,233.5,0,NDay,43.04210378681627,17,9,2016
2016-09-17,SEAFOOD,40.02,1,NDay,43.042776998597475,17,9,2016
2016-09-18,BEVERAGES,1177.0,40,NDay,43.190294530154276,18,9,2016
2016-09-18,DAIRY,419.0,0,NDay,43.190715287517534,18,9,2016
2016-09-18,FROZEN FOODS,48.0,0,NDay,43.19096774193549,18,9,2016
2016-09-18,MEATS,112.115,0,NDay,43.192061711079944,18,9,2016
2016-09-18,SEAFOOD,12.328,1,NDay,43.19273492286115,18,9,2016
2016-09-19,BEVERAGES,2342.0,48,NDay,43.34,19,9,2016
2016-09-19,DAIRY,751.0,3,NDay,43.34,19,9,2016
2016-09-19,FROZEN FOODS,67.0,0,NDay,43.34,19,9,2016
2016-09-19,MEATS,282.831,0,NDay,43.34,19,9,2016
2016-09-19,SEAFOOD,26.684,1,NDay,43.34,19,9,2016
2016-09-20,BEVERAGES,2194.0,54,NDay,43.85,20,9,2016
2016-09-20,DAIRY,758.0,3,NDay,43.85,20,9,2016
2016-09-20,FROZEN FOODS,96.0,0,NDay,43.85,20,9,2016
2016-09-20,MEATS,258.68,0,NDay,43.85,20,9,2016
2016-09-20,SEAFOOD,25.748,1,NDay,43.85,20,9,2016
2016-09-21,BEVERAGES,2159.0,57,NDay,45.33,21,9,2016
2016-09-21,DAIRY,895.0,3,NDay,45.33,21,9,2016
2016-09-21,FROZEN FOODS,114.0,0,NDay,45.33,21,9,2016
2016-09-21,MEATS,253.481,0,NDay,45.33,21,9,2016
2016-09-21,SEAFOOD,26.664,1,NDay,45.33,21,9,2016
2016-09-22,BEVERAGES,1883.0,50,NDay,46.1,22,9,2016
2016-09-22,DAIRY,623.0,1,NDay,46.1,22,9,2016
2016-09-22,FROZEN FOODS,108.379,1,NDay,46.1,22,9,2016
2016-09-22,MEATS,199.218,0,NDay,46.1,22,9,2016
2016-09-22,SEAFOOD,23.583,1,NDay,46.1,22,9,2016
2016-09-23,BEVERAGES,2269.0,53,NDay,44.36,23,9,2016
2016-09-23,DAIRY,737.0,3,NDay,44.36,23,9,2016
2016-09-23,FROZEN FOODS,174.0,1,NDay,44.36,23,9,2016
2016-09-23,MEATS,577.377,47,NDay,44.36,23,9,2016
2016-09-23,SEAFOOD,44.574,6,NDay,44.36,23,9,2016
2016-09-24,BEVERAGES,2340.0,58,NDay,44.361391304347826,24,9,2016
2016-09-24,DAIRY,793.0,3,NDay,44.36313043478261,24,9,2016
2016-09-24,FROZEN FOODS,134.0,1,NDay,44.36417391304348,24,9,2016
2016-09-24,MEATS,271.557,0,NDay,44.36869565217391,24,9,2016
2016-09-24,SEAFOOD,25.258,1,NDay,44.371478260869566,24,9,2016
2016-09-25,BEVERAGES,1121.0,42,NDay,44.98121739130435,25,9,2016
2016-09-25,DAIRY,382.0,2,NDay,44.98295652173913,25,9,2016
2016-09-25,FROZEN FOODS,32.0,1,NDay,44.984,25,9,2016
2016-09-25,MEATS,87.288,0,NDay,44.988521739130434,25,9,2016
2016-09-25,SEAFOOD,20.311,1,NDay,44.99130434782609,25,9,2016
2016-09-26,BEVERAGES,1957.0,56,NDay,45.6,26,9,2016
2016-09-26,DAIRY,750.0,4,NDay,45.6,26,9,2016
2016-09-26,FROZEN FOODS,73.0,3,NDay,45.6,26,9,2016
2016-09-26,MEATS,184.852,0,NDay,45.6,26,9,2016
2016-09-26,SEAFOOD,17.84,1,NDay,45.6,26,9,2016
2016-09-27,BEVERAGES,2009.0,55,NDay,44.65,27,9,2016
2016-09-27,DAIRY,665.0,4,NDay,44.65,27,9,2016
2016-09-27,FROZEN FOODS,88.454,3,NDay,44.65,27,9,2016
2016-09-27,MEATS,226.355,0,NDay,44.65,27,9,2016
2016-09-27,SEAFOOD,13.471,1,NDay,44.65,27,9,2016
2016-09-28,BEVERAGES,2379.0,51,Holiday,47.07,28,9,2016
2016-09-28,DAIRY,932.0,3,Holiday,47.07,28,9,2016
2016-09-28,FROZEN FOODS,95.0,1,Holiday,47.07,28,9,2016
2016-09-28,MEATS,273.975,0,Holiday,47.07,28,9,2016
2016-09-28,SEAFOOD,26.902,0,Holiday,47.07,28,9,2016
2016-09-29,BEVERAGES,1805.0,53,NDay,47.72,29,9,2016
2016-09-29,DAIRY,539.0,2,NDay,47.72,29,9,2016
2016-09-29,FROZEN FOODS,81.0,3,NDay,47.72,29,9,2016
2016-09-29,MEATS,185.05501,0,NDay,47.72,29,9,2016
2016-09-29,SEAFOOD,26.132,0,NDay,47.72,29,9,2016
2016-09-30,BEVERAGES,2028.0,54,NDay,47.72,30,9,2016
2016-09-30,DAIRY,740.0,4,NDay,47.72,30,9,2016
2016-09-30,FROZEN FOODS,105.0,1,NDay,47.72,30,9,2016
2016-09-30,MEATS,571.232,45,NDay,47.72,30,9,2016
2016-09-30,SEAFOOD,30.914999,6,NDay,47.72,30,9,2016
2016-10-01,BEVERAGES,2799.0,55,NDay,47.72121178120617,1,10,2016
2016-10-01,DAIRY,1004.0,5,NDay,47.72272650771389,1,10,2016
2016-10-01,FROZEN FOODS,132.0,2,NDay,47.72363534361851,1,10,2016
2016-10-01,MEATS,292.338,0,NDay,47.727573632538565,1,10,2016
2016-10-01,SEAFOOD,43.828,0,NDay,47.72999719495091,1,10,2016
2016-10-02,BEVERAGES,1277.0,43,NDay,48.2610603085554,2,10,2016
2016-10-02,DAIRY,416.0,4,NDay,48.262575035063115,2,10,2016
2016-10-02,FROZEN FOODS,58.333,2,NDay,48.26348387096774,2,10,2016
2016-10-02,MEATS,126.773,0,NDay,48.26742215988779,2,10,2016
2016-10-02,SEAFOOD,20.356,0,NDay,48.26984572230014,2,10,2016
2016-10-03,BEVERAGES,2762.0,55,NDay,48.8,3,10,2016
2016-10-03,DAIRY,835.0,4,NDay,48.8,3,10,2016
2016-10-03,FROZEN FOODS,96.0,2,NDay,48.8,3,10,2016
2016-10-03,MEATS,271.103,1,NDay,48.8,3,10,2016
2016-10-03,SEAFOOD,25.098,0,NDay,48.8,3,10,2016
2016-10-04,BEVERAGES,2624.0,51,NDay,48.67,4,10,2016
2016-10-04,DAIRY,806.0,3,NDay,48.67,4,10,2016
2016-10-04,FROZEN FOODS,107.0,3,NDay,48.67,4,10,2016
2016-10-04,MEATS,302.542,0,NDay,48.67,4,10,2016
2016-10-04,SEAFOOD,20.287,0,NDay,48.67,4,10,2016
2016-10-05,BEVERAGES,2573.0,54,NDay,49.75,5,10,2016
2016-10-05,DAIRY,924.0,4,NDay,49.75,5,10,2016
2016-10-05,FROZEN FOODS,98.234,2,NDay,49.75,5,10,2016
2016-10-05,MEATS,225.917,0,NDay,49.75,5,10,2016
2016-10-05,SEAFOOD,26.363,1,NDay,49.75,5,10,2016
2016-10-06,BEVERAGES,2342.0,4,NDay,50.44,6,10,2016
2016-10-06,DAIRY,691.0,9,NDay,50.44,6,10,2016
2016-10-06,FROZEN FOODS,115.0,3,NDay,50.44,6,10,2016
2016-10-06,MEATS,252.93,0,NDay,50.44,6,10,2016
2016-10-06,SEAFOOD,43.586,2,NDay,50.44,6,10,2016
2016-10-07,BEVERAGES,2081.0,6,Holiday,49.76,7,10,2016
2016-10-07,DAIRY,793.0,12,Holiday,49.76,7,10,2016
2016-10-07,FROZEN FOODS,98.0,3,Holiday,49.76,7,10,2016
2016-10-07,MEATS,652.297,52,Holiday,49.76,7,10,2016
2016-10-07,SEAFOOD,48.487,5,Holiday,49.76,7,10,2016
2016-10-08,BEVERAGES,2279.0,6,NDay,49.76,8,10,2016
2016-10-08,DAIRY,880.0,12,NDay,49.76,8,10,2016
2016-10-08,FROZEN FOODS,137.0,3,NDay,49.76,8,10,2016
2016-10-08,MEATS,233.411,0,NDay,49.76,8,10,2016
2016-10-08,SEAFOOD,35.275,2,NDay,49.76,8,10,2016
2016-10-09,BEVERAGES,1221.0,3,Holiday,49.76,9,10,2016
2016-10-09,DAIRY,438.0,9,Holiday,49.76,9,10,2016
2016-10-09,FROZEN FOODS,54.0,2,Holiday,49.76,9,10,2016
2016-10-09,MEATS,112.968,0,Holiday,49.76,9,10,2016
2016-10-09,SEAFOOD,22.106,2,Holiday,49.76,9,10,2016
2016-10-10,BEVERAGES,2206.0,5,NDay,49.76,10,10,2016
2016-10-10,DAIRY,729.0,12,NDay,49.76,10,10,2016
2016-10-10,FROZEN FOODS,74.0,2,NDay,49.76,10,10,2016
2016-10-10,MEATS,252.162,0,NDay,49.76,10,10,2016
2016-10-10,SEAFOOD,36.211,1,NDay,49.76,10,10,2016
2016-10-11,BEVERAGES,1812.0,7,NDay,50.72,11,10,2016
2016-10-11,DAIRY,693.0,11,NDay,50.72,11,10,2016
2016-10-11,FROZEN FOODS,118.181,2,NDay,50.72,11,10,2016
2016-10-11,MEATS,237.56,0,NDay,50.72,11,10,2016
2016-10-11,SEAFOOD,10.962,2,NDay,50.72,11,10,2016
2016-10-12,BEVERAGES,2584.0,8,NDay,50.14,12,10,2016
2016-10-12,DAIRY,994.0,12,NDay,50.14,12,10,2016
2016-10-12,FROZEN FOODS,97.0,4,NDay,50.14,12,10,2016
2016-10-12,MEATS,235.281,0,NDay,50.14,12,10,2016
2016-10-12,SEAFOOD,27.501,2,NDay,50.14,12,10,2016
2016-10-13,BEVERAGES,1664.0,5,NDay,50.47,13,10,2016
2016-10-13,DAIRY,693.0,10,NDay,50.47,13,10,2016
2016-10-13,FROZEN FOODS,89.471,2,NDay,50.47,13,10,2016
2016-10-13,MEATS,280.991,0,NDay,50.47,13,10,2016
2016-10-13,SEAFOOD,21.854,2,NDay,50.47,13,10,2016
2016-10-14,BEVERAGES,2647.0,11,NDay,50.35,14,10,2016
2016-10-14,DAIRY,940.0,11,NDay,50.35,14,10,2016
2016-10-14,FROZEN FOODS,91.0,3,NDay,50.35,14,10,2016
2016-10-14,MEATS,678.452,50,NDay,50.35,14,10,2016
2016-10-14,SEAFOOD,54.377,5,NDay,50.35,14,10,2016
2016-10-15,BEVERAGES,2212.0,9,NDay,50.34957363253857,15,10,2016
2016-10-15,DAIRY,787.0,12,NDay,50.34904067321178,15,10,2016
2016-10-15,FROZEN FOODS,121.684,3,NDay,50.348720897615706,15,10,2016
2016-10-15,MEATS,238.733,0,NDay,50.34733520336606,15,10,2016
2016-10-15,SEAFOOD,42.744,2,NDay,50.3464824684432,15,10,2016
2016-10-16,BEVERAGES,1454.0,5,NDay,50.15962692847125,16,10,2016
2016-10-16,DAIRY,430.0,11,NDay,50.15909396914446,16,10,2016
2016-10-16,FROZEN FOODS,59.0,2,NDay,50.15877419354839,16,10,2016
2016-10-16,MEATS,127.689,0,NDay,50.15738849929874,16,10,2016
2016-10-16,SEAFOOD,18.551,2,NDay,50.156535764375874,16,10,2016
2016-10-17,BEVERAGES,2490.0,7,NDay,49.97,17,10,2016
2016-10-17,DAIRY,792.0,10,NDay,49.97,17,10,2016
2016-10-17,FROZEN FOODS,68.0,3,NDay,49.97,17,10,2016
2016-10-17,MEATS,254.086,0,NDay,49.97,17,10,2016
2016-10-17,SEAFOOD,28.974,1,NDay,49.97,17,10,2016
2016-10-18,BEVERAGES,1895.0,9,NDay,50.3,18,10,2016
2016-10-18,DAIRY,706.0,9,NDay,50.3,18,10,2016
2016-10-18,FROZEN FOODS,93.0,3,NDay,50.3,18,10,2016
2016-10-18,MEATS,237.098,0,NDay,50.3,18,10,2016
2016-10-18,SEAFOOD,17.214,2,NDay,50.3,18,10,2016
2016-10-19,BEVERAGES,2563.0,8,NDay,51.59,19,10,2016
2016-10-19,DAIRY,958.0,10,NDay,51.59,19,10,2016
2016-10-19,FROZEN FOODS,115.0,2,NDay,51.59,19,10,2016
2016-10-19,MEATS,219.287,1,NDay,51.59,19,10,2016
2016-10-19,SEAFOOD,35.974,2,NDay,51.59,19,10,2016
2016-10-20,BEVERAGES,2176.0,8,NDay,50.31,20,10,2016
2016-10-20,DAIRY,683.0,9,NDay,50.31,20,10,2016
2016-10-20,FROZEN FOODS,109.326004,2,NDay,50.31,20,10,2016
2016-10-20,MEATS,279.41602,1,NDay,50.31,20,10,2016
2016-10-20,SEAFOOD,38.17,2,NDay,50.31,20,10,2016
2016-10-21,BEVERAGES,2469.0,14,NDay,50.61,21,10,2016
2016-10-21,DAIRY,771.0,8,NDay,50.61,21,10,2016
2016-10-21,FROZEN FOODS,134.0,3,NDay,50.61,21,10,2016
2016-10-21,MEATS,772.986,47,NDay,50.61,21,10,2016
2016-10-21,SEAFOOD,42.157,6,NDay,50.61,21,10,2016
2016-10-22,BEVERAGES,2570.0,17,NDay,50.609517531556804,22,10,2016
2016-10-22,DAIRY,853.0,7,NDay,50.60891444600281,22,10,2016
2016-10-22,FROZEN FOODS,124.0,2,NDay,50.60855259467041,22,10,2016
2016-10-22,MEATS,206.355,0,NDay,50.60698457223001,22,10,2016
2016-10-22,SEAFOOD,32.864998,2,NDay,50.60601963534362,22,10,2016
2016-10-23,BEVERAGES,1106.0,10,NDay,50.3945778401122,23,10,2016
2016-10-23,DAIRY,401.0,6,NDay,50.3939747545582,23,10,2016
2016-10-23,FROZEN FOODS,65.486,2,NDay,50.39361290322581,23,10,2016
2016-10-23,MEATS,98.442,0,NDay,50.39204488078541,23,10,2016
2016-10-23,SEAFOOD,18.496,2,NDay,50.391079943899015,23,10,2016
2016-10-24,BEVERAGES,1783.0,15,NDay,50.18,24,10,2016
2016-10-24,DAIRY,755.0,9,NDay,50.18,24,10,2016
2016-10-24,FROZEN FOODS,92.393,3,NDay,50.18,24,10,2016
2016-10-24,MEATS,263.624,0,NDay,50.18,24,10,2016
2016-10-24,SEAFOOD,26.431,2,NDay,50.18,24,10,2016
2016-10-25,BEVERAGES,2090.0,15,NDay,49.45,25,10,2016
2016-10-25,DAIRY,803.0,9,NDay,49.45,25,10,2016
2016-10-25,FROZEN FOODS,119.854996,3,NDay,49.45,25,10,2016
2016-10-25,MEATS,252.009,0,NDay,49.45,25,10,2016
2016-10-25,SEAFOOD,32.143,2,NDay,49.45,25,10,2016
2016-10-26,BEVERAGES,2032.0,47,NDay,48.75,26,10,2016
2016-10-26,DAIRY,884.0,21,NDay,48.75,26,10,2016
2016-10-26,FROZEN FOODS,103.0,6,NDay,48.75,26,10,2016
2016-10-26,MEATS,257.208,1,NDay,48.75,26,10,2016
2016-10-26,SEAFOOD,43.989,2,NDay,48.75,26,10,2016
2016-10-27,BEVERAGES,2143.0,42,NDay,49.71,27,10,2016
2016-10-27,DAIRY,756.0,19,NDay,49.71,27,10,2016
2016-10-27,FROZEN FOODS,100.0,7,NDay,49.71,27,10,2016
2016-10-27,MEATS,311.217,1,NDay,49.71,27,10,2016
2016-10-27,SEAFOOD,24.692,2,NDay,49.71,27,10,2016
2016-10-28,BEVERAGES,2576.0,38,NDay,48.72,28,10,2016
2016-10-28,DAIRY,863.0,20,NDay,48.72,28,10,2016
2016-10-28,FROZEN FOODS,138.0,6,NDay,48.72,28,10,2016
2016-10-28,MEATS,710.237,49,NDay,48.72,28,10,2016
2016-10-28,SEAFOOD,34.267,7,NDay,48.72,28,10,2016
2016-10-29,BEVERAGES,2574.0,45,NDay,48.7178793828892,29,10,2016
2016-10-29,DAIRY,770.0,23,NDay,48.7152286115007,29,10,2016
2016-10-29,FROZEN FOODS,105.0,6,NDay,48.7136381486676,29,10,2016
2016-10-29,MEATS,237.058,0,NDay,48.7067461430575,29,10,2016
2016-10-29,SEAFOOD,26.977001,2,NDay,48.702504908835905,29,10,2016
2016-10-30,BEVERAGES,1059.0,36,NDay,47.77314446002805,30,10,2016
2016-10-30,DAIRY,388.0,17,NDay,47.77049368863955,30,10,2016
2016-10-30,FROZEN FOODS,51.0,7,NDay,47.76890322580645,30,10,2016
2016-10-30,MEATS,118.64,0,NDay,47.76201122019635,30,10,2016
2016-10-30,SEAFOOD,17.571001,2,NDay,47.757769985974754,30,10,2016
2016-10-31,BEVERAGES,1777.0,45,NDay,46.83,31,10,2016
2016-10-31,DAIRY,539.0,21,NDay,46.83,31,10,2016
2016-10-31,FROZEN FOODS,73.0,5,NDay,46.83,31,10,2016
2016-10-31,MEATS,236.467,0,NDay,46.83,31,10,2016
2016-10-31,SEAFOOD,14.575,1,NDay,46.83,31,10,2016
2016-11-01,BEVERAGES,3009.0,45,NDay,46.66,1,11,2016
2016-11-01,DAIRY,799.0,25,NDay,46.66,1,11,2016
2016-11-01,FROZEN FOODS,97.0,5,NDay,46.66,1,11,2016
2016-11-01,MEATS,386.482,0,NDay,46.66,1,11,2016
2016-11-01,SEAFOOD,29.672,2,NDay,46.66,1,11,2016
2016-11-02,BEVERAGES,873.0,43,Holiday,45.32,2,11,2016
2016-11-02,DAIRY,307.0,17,Holiday,45.32,2,11,2016
2016-11-02,FROZEN FOODS,49.0,5,Holiday,45.32,2,11,2016
2016-11-02,MEATS,91.954,0,Holiday,45.32,2,11,2016
2016-11-02,SEAFOOD,15.048,2,Holiday,45.32,2,11,2016
2016-11-03,BEVERAGES,739.0,36,Holiday,44.66,3,11,2016
2016-11-03,DAIRY,283.0,21,Holiday,44.66,3,11,2016
2016-11-03,FROZEN FOODS,52.725998,3,Holiday,44.66,3,11,2016
2016-11-03,MEATS,119.376,0,Holiday,44.66,3,11,2016
2016-11-03,SEAFOOD,8.644,1,Holiday,44.66,3,11,2016
2016-11-04,BEVERAGES,1637.0,52,Bridge,44.07,4,11,2016
2016-11-04,DAIRY,542.0,27,Bridge,44.07,4,11,2016
2016-11-04,FROZEN FOODS,85.0,8,Bridge,44.07,4,11,2016
2016-11-04,MEATS,491.228,42,Bridge,44.07,4,11,2016
2016-11-04,SEAFOOD,26.687,4,Bridge,44.07,4,11,2016
2016-11-05,BEVERAGES,1839.0,42,NDay,44.07090883590463,5,11,2016
2016-11-05,DAIRY,549.0,24,NDay,44.07204488078541,5,11,2016
2016-11-05,FROZEN FOODS,114.0,5,NDay,44.07272650771389,5,11,2016
2016-11-05,MEATS,159.898,0,NDay,44.075680224403925,5,11,2016
2016-11-05,SEAFOOD,20.616,2,NDay,44.07749789621318,5,11,2016
2016-11-06,BEVERAGES,1054.0,43,Holiday,44.47579523141655,6,11,2016
2016-11-06,DAIRY,335.0,22,Holiday,44.476931276297336,6,11,2016
2016-11-06,FROZEN FOODS,37.85,6,Holiday,44.47761290322581,6,11,2016
2016-11-06,MEATS,121.098,1,Holiday,44.48056661991585,6,11,2016
2016-11-06,SEAFOOD,12.736,1,Holiday,44.482384291725104,6,11,2016
2016-11-07,BEVERAGES,2538.0,42,Holiday,44.88,7,11,2016
2016-11-07,DAIRY,880.0,28,Holiday,44.88,7,11,2016
2016-11-07,FROZEN FOODS,73.517,6,Holiday,44.88,7,11,2016
2016-11-07,MEATS,281.932,0,Holiday,44.88,7,11,2016
2016-11-07,SEAFOOD,24.013,2,Holiday,44.88,7,11,2016
2016-11-08,BEVERAGES,2542.0,46,NDay,44.96,8,11,2016
2016-11-08,DAIRY,809.0,25,NDay,44.96,8,11,2016
2016-11-08,FROZEN FOODS,118.0,6,NDay,44.96,8,11,2016
2016-11-08,MEATS,352.948,0,NDay,44.96,8,11,2016
2016-11-08,SEAFOOD,33.185,2,NDay,44.96,8,11,2016
2016-11-09,BEVERAGES,3557.0,48,NDay,45.2,9,11,2016
2016-11-09,DAIRY,1161.0,32,NDay,45.2,9,11,2016
2016-11-09,FROZEN FOODS,120.0,6,NDay,45.2,9,11,2016
2016-11-09,MEATS,381.268,0,NDay,45.2,9,11,2016
2016-11-09,SEAFOOD,43.64,2,NDay,45.2,9,11,2016
2016-11-10,BEVERAGES,2251.0,50,Holiday,44.62,10,11,2016
2016-11-10,DAIRY,702.0,27,Holiday,44.62,10,11,2016
2016-11-10,FROZEN FOODS,129.27,6,Holiday,44.62,10,11,2016
2016-11-10,MEATS,294.855,0,Holiday,44.62,10,11,2016
2016-11-10,SEAFOOD,22.735,2,Holiday,44.62,10,11,2016
2016-11-11,BEVERAGES,2351.0,43,Holiday,43.39,11,11,2016
2016-11-11,DAIRY,804.0,28,Holiday,43.39,11,11,2016
2016-11-11,FROZEN FOODS,109.0,6,Holiday,43.39,11,11,2016
2016-11-11,MEATS,662.079,47,Holiday,43.39,11,11,2016
2016-11-11,SEAFOOD,33.977,6,Holiday,43.39,11,11,2016
2016-11-12,BEVERAGES,2626.0,41,NDay,43.38988779803647,12,11,2016
2016-11-12,DAIRY,857.0,29,NDay,43.38974754558205,12,11,2016
2016-11-12,FROZEN FOODS,92.0,6,NDay,43.3896633941094,12,11,2016
2016-11-12,MEATS,204.755,0,NDay,43.38929873772791,12,11,2016
2016-11-12,SEAFOOD,30.551,1,NDay,43.38907433380084,12,11,2016
2016-11-13,BEVERAGES,1221.0,34,NDay,43.339901823281906,13,11,2016
2016-11-13,DAIRY,391.0,24,NDay,43.33976157082749,13,11,2016
2016-11-13,FROZEN FOODS,77.011,7,NDay,43.339677419354835,13,11,2016
2016-11-13,MEATS,319.602,0,NDay,43.33931276297335,13,11,2016
2016-11-13,SEAFOOD,25.441,2,NDay,43.339088359046286,13,11,2016
2016-11-14,BEVERAGES,2354.0,42,NDay,43.29,14,11,2016
2016-11-14,DAIRY,831.0,24,NDay,43.29,14,11,2016
2016-11-14,FROZEN FOODS,92.7,5,NDay,43.29,14,11,2016
2016-11-14,MEATS,327.094,2,NDay,43.29,14,11,2016
2016-11-14,SEAFOOD,15.488,1,NDay,43.29,14,11,2016
2016-11-15,BEVERAGES,2231.0,40,NDay,45.86,15,11,2016
2016-11-15,DAIRY,862.0,29,NDay,45.86,15,11,2016
2016-11-15,FROZEN FOODS,121.0,8,NDay,45.86,15,11,2016
2016-11-15,MEATS,340.966,0,NDay,45.86,15,11,2016
2016-11-15,SEAFOOD,32.439,2,NDay,45.86,15,11,2016
2016-11-16,BEVERAGES,2818.0,55,NDay,45.56,16,11,2016
2016-11-16,DAIRY,936.0,39,NDay,45.56,16,11,2016
2016-11-16,FROZEN FOODS,140.29001,6,NDay,45.56,16,11,2016
2016-11-16,MEATS,309.227,0,NDay,45.56,16,11,2016
2016-11-16,SEAFOOD,34.2,2,NDay,45.56,16,11,2016
2016-11-17,BEVERAGES,2293.0,49,NDay,45.37,17,11,2016
2016-11-17,DAIRY,685.0,17,NDay,45.37,17,11,2016
2016-11-17,FROZEN FOODS,110.0,4,NDay,45.37,17,11,2016
2016-11-17,MEATS,223.194,2,NDay,45.37,17,11,2016
2016-11-17,SEAFOOD,24.184,1,NDay,45.37,17,11,2016
2016-11-18,BEVERAGES,2229.0,45,NDay,45.69,18,11,2016
2016-11-18,DAIRY,845.0,17,NDay,45.69,18,11,2016
2016-11-18,FROZEN FOODS,110.585,4,NDay,45.69,18,11,2016
2016-11-18,MEATS,992.966,45,NDay,45.69,18,11,2016
2016-11-18,SEAFOOD,36.822,7,NDay,45.69,18,11,2016
2016-11-19,BEVERAGES,2723.0,50,NDay,45.692008415147264,19,11,2016
2016-11-19,DAIRY,881.0,18,NDay,45.694518934081344,19,11,2016
2016-11-19,FROZEN FOODS,127.34,4,NDay,45.696025245441795,19,11,2016
2016-11-19,MEATS,266.92,2,NDay,45.70255259467041,19,11,2016
2016-11-19,SEAFOOD,38.917,1,NDay,45.70656942496493,19,11,2016
2016-11-20,BEVERAGES,1293.0,40,NDay,46.58675736325385,20,11,2016
2016-11-20,DAIRY,389.0,12,NDay,46.58926788218793,20,11,2016
2016-11-20,FROZEN FOODS,64.361,2,NDay,46.590774193548384,20,11,2016
2016-11-20,MEATS,338.455,1,NDay,46.597301542777,20,11,2016
2016-11-20,SEAFOOD,21.45,0,NDay,46.60131837307153,20,11,2016
2016-11-21,BEVERAGES,2489.0,56,NDay,47.48,21,11,2016
2016-11-21,DAIRY,952.0,19,NDay,47.48,21,11,2016
2016-11-21,FROZEN FOODS,145.479,3,NDay,47.48,21,11,2016
2016-11-21,MEATS,441.118,1,NDay,47.48,21,11,2016
2016-11-21,SEAFOOD,8.0,1,NDay,47.48,21,11,2016
2016-11-22,BEVERAGES,2074.0,52,NDay,48.07,22,11,2016
2016-11-22,DAIRY,707.0,17,NDay,48.07,22,11,2016
2016-11-22,FROZEN FOODS,142.168,2,NDay,48.07,22,11,2016
2016-11-22,MEATS,364.98898,0,NDay,48.07,22,11,2016
2016-11-22,SEAFOOD,14.645,1,NDay,48.07,22,11,2016
2016-11-23,BEVERAGES,2385.0,63,NDay,46.72,23,11,2016
2016-11-23,DAIRY,983.0,23,NDay,46.72,23,11,2016
2016-11-23,FROZEN FOODS,150.906,2,NDay,46.72,23,11,2016
2016-11-23,MEATS,301.177,0,NDay,46.72,23,11,2016
2016-11-23,SEAFOOD,17.314,1,NDay,46.72,23,11,2016
2016-11-24,BEVERAGES,2126.0,65,NDay,46.72,24,11,2016
2016-11-24,DAIRY,653.0,18,NDay,46.72,24,11,2016
2016-11-24,FROZEN FOODS,107.009,1,NDay,46.72,24,11,2016
2016-11-24,MEATS,284.198,0,NDay,46.72,24,11,2016
2016-11-24,SEAFOOD,12.3550005,1,NDay,46.72,24,11,2016
2016-11-25,BEVERAGES,2665.0,64,Event,46.72,25,11,2016
2016-11-25,DAIRY,711.0,19,Event,46.72,25,11,2016
2016-11-25,FROZEN FOODS,160.18,3,Event,46.72,25,11,2016
2016-11-25,MEATS,985.141,51,Event,46.72,25,11,2016
2016-11-25,SEAFOOD,41.28,6,Event,46.72,25,11,2016
2016-11-26,BEVERAGES,2669.0,57,NDay,46.71881065918654,26,11,2016
2016-11-26,DAIRY,809.0,20,NDay,46.717323983169706,26,11,2016
2016-11-26,FROZEN FOODS,118.974,1,NDay,46.71643197755961,26,11,2016
2016-11-26,MEATS,176.837,0,NDay,46.71256661991585,26,11,2016
2016-11-26,SEAFOOD,31.775,1,NDay,46.71018793828892,26,11,2016
2016-11-27,BEVERAGES,1044.0,51,NDay,46.188959326788215,27,11,2016
2016-11-27,DAIRY,350.0,15,NDay,46.18747265077138,27,11,2016
2016-11-27,FROZEN FOODS,48.054,0,NDay,46.186580645161285,27,11,2016
2016-11-27,MEATS,102.334,0,NDay,46.18271528751753,27,11,2016
2016-11-27,SEAFOOD,15.623,1,NDay,46.1803366058906,27,11,2016
2016-11-28,BEVERAGES,2655.0,64,Event,45.66,28,11,2016
2016-11-28,DAIRY,883.0,20,Event,45.66,28,11,2016
2016-11-28,FROZEN FOODS,138.378,3,Event,45.66,28,11,2016
2016-11-28,MEATS,372.85,0,Event,45.66,28,11,2016
2016-11-28,SEAFOOD,25.712,0,Event,45.66,28,11,2016
2016-11-29,BEVERAGES,2239.0,49,NDay,45.29,29,11,2016
2016-11-29,DAIRY,740.0,15,NDay,45.29,29,11,2016
2016-11-29,FROZEN FOODS,79.0,2,NDay,45.29,29,11,2016
2016-11-29,MEATS,440.941,0,NDay,45.29,29,11,2016
2016-11-29,SEAFOOD,19.791,1,NDay,45.29,29,11,2016
2016-11-30,BEVERAGES,3301.0,68,NDay,49.41,30,11,2016
2016-11-30,DAIRY,884.0,23,NDay,49.41,30,11,2016
2016-11-30,FROZEN FOODS,131.77,1,NDay,49.41,30,11,2016
2016-11-30,MEATS,322.938,1,NDay,49.41,30,11,2016
2016-11-30,SEAFOOD,24.933,1,NDay,49.41,30,11,2016
2016-12-01,BEVERAGES,2647.0,63,NDay,51.08,1,12,2016
2016-12-01,DAIRY,844.0,21,NDay,51.08,1,12,2016
2016-12-01,FROZEN FOODS,147.499,2,NDay,51.08,1,12,2016
2016-12-01,MEATS,244.25299,0,NDay,51.08,1,12,2016
2016-12-01,SEAFOOD,23.498001,1,NDay,51.08,1,12,2016
2016-12-02,BEVERAGES,3314.0,65,NDay,51.7,2,12,2016
2016-12-02,DAIRY,915.0,20,NDay,51.7,2,12,2016
2016-12-02,FROZEN FOODS,177.824,2,NDay,51.7,2,12,2016
2016-12-02,MEATS,929.435,47,NDay,51.7,2,12,2016
2016-12-02,SEAFOOD,45.715,6,NDay,51.7,2,12,2016
2016-12-03,BEVERAGES,2594.0,65,NDay,51.70002244039271,3,12,2016
2016-12-03,DAIRY,756.0,19,NDay,51.70005049088359,3,12,2016
2016-12-03,FROZEN FOODS,154.601,1,NDay,51.700067321178125,3,12,2016
2016-12-03,MEATS,258.83002,0,NDay,51.70014025245442,3,12,2016
2016-12-03,SEAFOOD,15.875,1,NDay,51.700185133239835,3,12,2016
2016-12-04,BEVERAGES,1316.0,51,NDay,51.71001963534362,4,12,2016
2016-12-04,DAIRY,435.0,12,NDay,51.7100476858345,4,12,2016
2016-12-04,FROZEN FOODS,57.0,1,NDay,51.71006451612903,4,12,2016
2016-12-04,MEATS,111.673004,0,NDay,51.71013744740533,4,12,2016
2016-12-04,SEAFOOD,16.044,0,NDay,51.71018232819075,4,12,2016
2016-12-05,BEVERAGES,2496.0,61,Additional,51.72,5,12,2016
2016-12-05,DAIRY,655.0,20,Additional,51.72,5,12,2016
2016-12-05,FROZEN FOODS,189.075,0,Additional,51.72,5,12,2016
2016-12-05,MEATS,385.81,1,Additional,51.72,5,12,2016
2016-12-05,SEAFOOD,18.48,0,Additional,51.72,5,12,2016
2016-12-06,BEVERAGES,1037.0,51,Holiday,50.95,6,12,2016
2016-12-06,DAIRY,313.0,12,Holiday,50.95,6,12,2016
2016-12-06,FROZEN FOODS,91.918,1,Holiday,50.95,6,12,2016
2016-12-06,MEATS,180.275,0,Holiday,50.95,6,12,2016
2016-12-06,SEAFOOD,8.976,1,Holiday,50.95,6,12,2016
2016-12-07,BEVERAGES,3078.0,84,NDay,49.85,7,12,2016
2016-12-07,DAIRY,969.0,29,NDay,49.85,7,12,2016
2016-12-07,FROZEN FOODS,217.886,3,NDay,49.85,7,12,2016
2016-12-07,MEATS,296.874,0,NDay,49.85,7,12,2016
2016-12-07,SEAFOOD,45.152,0,NDay,49.85,7,12,2016
2016-12-08,BEVERAGES,2378.0,55,Holiday,50.84,8,12,2016
2016-12-08,DAIRY,740.0,19,Holiday,50.84,8,12,2016
2016-12-08,FROZEN FOODS,170.813,1,Holiday,50.84,8,12,2016
2016-12-08,MEATS,208.818,0,Holiday,50.84,8,12,2016
2016-12-08,SEAFOOD,25.999,1,Holiday,50.84,8,12,2016
2016-12-09,BEVERAGES,2741.0,58,NDay,51.51,9,12,2016
2016-12-09,DAIRY,846.0,20,NDay,51.51,9,12,2016
2016-12-09,FROZEN FOODS,178.513,1,NDay,51.51,9,12,2016
2016-12-09,MEATS,688.394,45,NDay,51.51,9,12,2016
2016-12-09,SEAFOOD,37.564,6,NDay,51.51,9,12,2016
2016-12-10,BEVERAGES,2677.0,60,NDay,51.51138008415147,10,12,2016
2016-12-10,DAIRY,758.0,21,NDay,51.51310518934081,10,12,2016
2016-12-10,FROZEN FOODS,184.449,2,NDay,51.51414025245442,10,12,2016
2016-12-10,MEATS,222.533,0,NDay,51.5186255259467,10,12,2016
2016-12-10,SEAFOOD,29.593,1,NDay,51.521385694249645,10,12,2016
2016-12-11,BEVERAGES,1181.0,47,NDay,52.12620757363254,11,12,2016
2016-12-11,DAIRY,359.0,19,NDay,52.12793267882188,11,12,2016
2016-12-11,FROZEN FOODS,84.55,2,NDay,52.12896774193548,11,12,2016
2016-12-11,MEATS,204.414,0,NDay,52.13345301542777,11,12,2016
2016-12-11,SEAFOOD,14.105,1,NDay,52.13621318373072,11,12,2016
2016-12-12,BEVERAGES,2701.0,61,NDay,52.74,12,12,2016
2016-12-12,DAIRY,764.0,20,NDay,52.74,12,12,2016
2016-12-12,FROZEN FOODS,160.121,1,NDay,52.74,12,12,2016
2016-12-12,MEATS,225.815,0,NDay,52.74,12,12,2016
2016-12-12,SEAFOOD,16.735,1,NDay,52.74,12,12,2016
2016-12-13,BEVERAGES,3153.0,53,NDay,52.99,13,12,2016
2016-12-13,DAIRY,781.0,22,NDay,52.99,13,12,2016
2016-12-13,FROZEN FOODS,762.781,2,NDay,52.99,13,12,2016
2016-12-13,MEATS,233.178,1,NDay,52.99,13,12,2016
2016-12-13,SEAFOOD,12.860001,0,NDay,52.99,13,12,2016
2016-12-14,BEVERAGES,2422.0,60,NDay,51.01,14,12,2016
2016-12-14,DAIRY,836.0,22,NDay,51.01,14,12,2016
2016-12-14,FROZEN FOODS,522.501,8,NDay,51.01,14,12,2016
2016-12-14,MEATS,243.178,0,NDay,51.01,14,12,2016
2016-12-14,SEAFOOD,32.599,0,NDay,51.01,14,12,2016
2016-12-15,BEVERAGES,2320.0,60,NDay,50.9,15,12,2016
2016-12-15,DAIRY,835.0,19,NDay,50.9,15,12,2016
2016-12-15,FROZEN FOODS,343.243,7,NDay,50.9,15,12,2016
2016-12-15,MEATS,247.61299,0,NDay,50.9,15,12,2016
2016-12-15,SEAFOOD,21.09,0,NDay,50.9,15,12,2016
2016-12-16,BEVERAGES,2312.0,62,NDay,51.93,16,12,2016
2016-12-16,DAIRY,886.0,21,NDay,51.93,16,12,2016
2016-12-16,FROZEN FOODS,929.12897,8,NDay,51.93,16,12,2016
2016-12-16,MEATS,687.601,44,NDay,51.93,16,12,2016
2016-12-16,SEAFOOD,46.249,6,NDay,51.93,16,12,2016
2016-12-17,BEVERAGES,2717.0,57,NDay,51.93022440392707,17,12,2016
2016-12-17,DAIRY,832.0,22,NDay,51.93050490883591,17,12,2016
2016-12-17,FROZEN FOODS,630.811,8,NDay,51.930673211781205,17,12,2016
2016-12-17,MEATS,263.457,0,NDay,51.93140252454418,17,12,2016
2016-12-17,SEAFOOD,22.89,0,NDay,51.93185133239832,17,12,2016
2016-12-18,BEVERAGES,1651.0,52,NDay,52.03019635343619,18,12,2016
2016-12-18,DAIRY,531.0,18,NDay,52.030476858345025,18,12,2016
2016-12-18,FROZEN FOODS,286.632,11,NDay,52.03064516129032,18,12,2016
2016-12-18,MEATS,176.26,0,NDay,52.031374474053294,18,12,2016
2016-12-18,SEAFOOD,17.772999,1,NDay,52.031823281907435,18,12,2016
2016-12-19,BEVERAGES,3278.0,61,NDay,52.13,19,12,2016
2016-12-19,DAIRY,864.0,17,NDay,52.13,19,12,2016
2016-12-19,FROZEN FOODS,1135.8,2,NDay,52.13,19,12,2016
2016-12-19,MEATS,242.654,0,NDay,52.13,19,12,2016
2016-12-19,SEAFOOD,19.802,1,NDay,52.13,19,12,2016
2016-12-20,BEVERAGES,2768.0,68,NDay,52.22,20,12,2016
2016-12-20,DAIRY,924.0,27,NDay,52.22,20,12,2016
2016-12-20,FROZEN FOODS,1240.125,2,NDay,52.22,20,12,2016
2016-12-20,MEATS,270.232,0,NDay,52.22,20,12,2016
2016-12-20,SEAFOOD,27.537,0,NDay,52.22,20,12,2016
2016-12-21,BEVERAGES,3146.0,61,Additional,51.44,21,12,2016
2016-12-21,DAIRY,1062.0,28,Additional,51.44,21,12,2016
2016-12-21,FROZEN FOODS,1016.166,3,Additional,51.44,21,12,2016
2016-12-21,MEATS,322.45898,3,Additional,51.44,21,12,2016
2016-12-21,SEAFOOD,31.789,0,Additional,51.44,21,12,2016
2016-12-22,BEVERAGES,2574.0,63,Holiday,51.98,22,12,2016
2016-12-22,DAIRY,985.0,22,Holiday,51.98,22,12,2016
2016-12-22,FROZEN FOODS,993.369,2,Holiday,51.98,22,12,2016
2016-12-22,MEATS,311.338,2,Holiday,51.98,22,12,2016
2016-12-22,SEAFOOD,20.01,0,Holiday,51.98,22,12,2016
2016-12-23,BEVERAGES,2996.0,57,Additional,52.01,23,12,2016
2016-12-23,DAIRY,1225.0,28,Additional,52.01,23,12,2016
2016-12-23,FROZEN FOODS,888.04803,4,Additional,52.01,23,12,2016
2016-12-23,MEATS,835.525,46,Additional,52.01,23,12,2016
2016-12-23,SEAFOOD,29.066,5,Additional,52.01,23,12,2016
2016-12-24,BEVERAGES,2576.0,56,Additional,52.01090883590463,24,12,2016
2016-12-24,DAIRY,934.0,23,Additional,52.01204488078541,24,12,2016
2016-12-24,FROZEN FOODS,312.693,2,Additional,52.012726507713886,24,12,2016
2016-12-24,MEATS,191.958,0,Additional,52.01568022440392,24,12,2016
2016-12-24,SEAFOOD,15.585,0,Additional,52.01749789621318,24,12,2016
2016-12-26,BEVERAGES,696.0,39,Additional,52.415795231416546,26,12,2016
2016-12-26,DAIRY,257.0,19,Additional,52.41693127629733,26,12,2016
2016-12-26,FROZEN FOODS,70.777,0,Additional,52.41761290322581,26,12,2016
2016-12-26,MEATS,80.884,0,Additional,52.420566619915846,26,12,2016
2016-12-26,SEAFOOD,8.707,0,Additional,52.4223842917251,26,12,2016
2016-12-27,BEVERAGES,2379.0,56,NDay,52.82,27,12,2016
2016-12-27,DAIRY,835.0,23,NDay,52.82,27,12,2016
2016-12-27,FROZEN FOODS,241.054,1,NDay,52.82,27,12,2016
2016-12-27,MEATS,229.281,0,NDay,52.82,27,12,2016
2016-12-27,SEAFOOD,22.449,0,NDay,52.82,27,12,2016
2016-12-28,BEVERAGES,2284.0,58,NDay,54.01,28,12,2016
2016-12-28,DAIRY,712.0,30,NDay,54.01,28,12,2016
2016-12-28,FROZEN FOODS,294.232,8,NDay,54.01,28,12,2016
2016-12-28,MEATS,236.942,2,NDay,54.01,28,12,2016
2016-12-28,SEAFOOD,32.762,1,NDay,54.01,28,12,2016
2016-12-29,BEVERAGES,2054.0,51,NDay,53.8,29,12,2016
2016-12-29,DAIRY,652.0,24,NDay,53.8,29,12,2016
2016-12-29,FROZEN FOODS,325.8,8,NDay,53.8,29,12,2016
2016-12-29,MEATS,234.882,1,NDay,53.8,29,12,2016
2016-12-29,SEAFOOD,16.959,1,NDay,53.8,29,12,2016
2016-12-30,BEVERAGES,2581.0,49,NDay,53.75,30,12,2016
2016-12-30,DAIRY,882.0,23,NDay,53.75,30,12,2016
2016-12-30,FROZEN FOODS,368.557,8,NDay,53.75,30,12,2016
2016-12-30,MEATS,616.282,46,NDay,53.75,30,12,2016
2016-12-30,SEAFOOD,38.04,6,NDay,53.75,30,12,2016
2016-12-31,BEVERAGES,2318.0,53,Additional,53.74896016457827,31,12,2016
2016-12-31,DAIRY,631.0,24,Additional,53.747660370301105,31,12,2016
2016-12-31,FROZEN FOODS,308.707,5,Additional,53.74688049373481,31,12,2016
2016-12-31,MEATS,187.434,0,Additional,53.743501028614176,31,12,2016
2016-12-31,SEAFOOD,17.673,0,Additional,53.74142135777071,31,12,2016
2017-01-01,BEVERAGES,0.0,0,NDay,53.28571348419675,1,1,2017
2017-01-01,DAIRY,0.0,0,NDay,53.28441368991958,1,1,2017
2017-01-01,FROZEN FOODS,0.0,0,NDay,53.28363381335328,1,1,2017
2017-01-01,MEATS,0.0,0,NDay,53.28025434823265,1,1,2017
2017-01-01,SEAFOOD,0.0,0,NDay,53.27817467738919,1,1,2017
2017-01-02,BEVERAGES,1434.0,31,Transfer,52.822466803815225,2,1,2017
2017-01-02,DAIRY,376.0,11,Transfer,52.82116700953806,2,1,2017
2017-01-02,FROZEN FOODS,72.15,1,Transfer,52.82038713297176,2,1,2017
2017-01-02,MEATS,116.724,0,Transfer,52.81700766785113,2,1,2017
2017-01-02,SEAFOOD,12.728,0,Transfer,52.814927997007665,2,1,2017
2017-01-03,BEVERAGES,3081.0,42,NDay,52.36,3,1,2017
2017-01-03,DAIRY,1045.0,14,NDay,52.36,3,1,2017
2017-01-03,FROZEN FOODS,124.176,1,NDay,52.36,3,1,2017
2017-01-03,MEATS,344.583,0,NDay,52.36,3,1,2017
2017-01-03,SEAFOOD,30.082,0,NDay,52.36,3,1,2017
2017-01-04,BEVERAGES,3039.0,54,NDay,53.26,4,1,2017
2017-01-04,DAIRY,1029.0,32,NDay,53.26,4,1,2017
2017-01-04,FROZEN FOODS,115.0,2,NDay,53.26,4,1,2017
2017-01-04,MEATS,326.203,0,NDay,53.26,4,1,2017
2017-01-04,SEAFOOD,39.352,1,NDay,53.26,4,1,2017
2017-01-05,BEVERAGES,2617.0,32,NDay,53.77,5,1,2017
2017-01-05,DAIRY,853.0,24,NDay,53.77,5,1,2017
2017-01-05,FROZEN FOODS,157.514,2,NDay,53.77,5,1,2017
2017-01-05,MEATS,274.205,0,NDay,53.77,5,1,2017
2017-01-05,SEAFOOD,25.228,1,NDay,53.77,5,1,2017
2017-01-06,BEVERAGES,2761.0,39,NDay,53.98,6,1,2017
2017-01-06,DAIRY,927.0,27,NDay,53.98,6,1,2017
2017-01-06,FROZEN FOODS,169.799,4,NDay,53.98,6,1,2017
2017-01-06,MEATS,720.991,49,NDay,53.98,6,1,2017
2017-01-06,SEAFOOD,53.516,7,NDay,53.98,6,1,2017
2017-01-07,BEVERAGES,2503.0,30,NDay,53.97772230014025,7,1,2017
2017-01-07,DAIRY,836.0,24,NDay,53.97487517531557,7,1,2017
2017-01-07,FROZEN FOODS,111.19,2,NDay,53.97316690042076,7,1,2017
2017-01-07,MEATS,254.636,0,NDay,53.965764375876574,7,1,2017
2017-01-07,SEAFOOD,28.926,1,NDay,53.96120897615708,7,1,2017
2017-01-08,BEVERAGES,1356.0,32,NDay,52.96300701262272,8,1,2017
2017-01-08,DAIRY,447.0,19,NDay,52.960159887798035,8,1,2017
2017-01-08,FROZEN FOODS,75.6,2,NDay,52.958451612903225,8,1,2017
2017-01-08,MEATS,122.859,0,NDay,52.95104908835905,8,1,2017
2017-01-08,SEAFOOD,18.886,1,NDay,52.94649368863955,8,1,2017
2017-01-09,BEVERAGES,4100.0,34,NDay,51.95,9,1,2017
2017-01-09,DAIRY,853.0,26,NDay,51.95,9,1,2017
2017-01-09,FROZEN FOODS,105.829,1,NDay,51.95,9,1,2017
2017-01-09,MEATS,274.457,0,NDay,51.95,9,1,2017
2017-01-09,SEAFOOD,21.331,0,NDay,51.95,9,1,2017
2017-01-10,BEVERAGES,2370.0,35,NDay,50.82,10,1,2017
2017-01-10,DAIRY,923.0,25,NDay,50.82,10,1,2017
2017-01-10,FROZEN FOODS,77.0,2,NDay,50.82,10,1,2017
2017-01-10,MEATS,354.819,0,NDay,50.82,10,1,2017
2017-01-10,SEAFOOD,27.286,0,NDay,50.82,10,1,2017
2017-01-11,BEVERAGES,2607.0,35,NDay,52.19,11,1,2017
2017-01-11,DAIRY,958.0,26,NDay,52.19,11,1,2017
2017-01-11,FROZEN FOODS,126.0,2,NDay,52.19,11,1,2017
2017-01-11,MEATS,335.086,1,NDay,52.19,11,1,2017
2017-01-11,SEAFOOD,18.963,0,NDay,52.19,11,1,2017
2017-01-12,BEVERAGES,2430.0,31,NDay,53.01,12,1,2017
2017-01-12,DAIRY,674.0,25,NDay,53.01,12,1,2017
2017-01-12,FROZEN FOODS,98.3,1,NDay,53.01,12,1,2017
2017-01-12,MEATS,253.676,0,NDay,53.01,12,1,2017
2017-01-12,SEAFOOD,18.498,0,NDay,53.01,12,1,2017
2017-01-13,BEVERAGES,2784.0,43,NDay,52.36,13,1,2017
2017-01-13,DAIRY,841.0,28,NDay,52.36,13,1,2017
2017-01-13,FROZEN FOODS,171.21,3,NDay,52.36,13,1,2017
2017-01-13,MEATS,768.371,48,NDay,52.36,13,1,2017
2017-01-13,SEAFOOD,50.286,6,NDay,52.36,13,1,2017
2017-01-14,BEVERAGES,2978.0,41,NDay,52.36006732747335,14,1,2017
2017-01-14,DAIRY,903.0,28,NDay,52.360151486815035,14,1,2017
2017-01-14,FROZEN FOODS,105.0,2,NDay,52.36020198242005,14,1,2017
2017-01-14,MEATS,258.474,2,NDay,52.36042079670843,14,1,2017
2017-01-14,SEAFOOD,29.448,1,NDay,52.36055545165513,14,1,2017
2017-01-15,BEVERAGES,1342.0,36,NDay,52.39006171685057,15,1,2017
2017-01-15,DAIRY,466.0,19,NDay,52.39014587619226,15,1,2017
2017-01-15,FROZEN FOODS,58.0,2,NDay,52.39019637179727,15,1,2017
2017-01-15,MEATS,119.443,1,NDay,52.390415186085654,15,1,2017
2017-01-15,SEAFOOD,25.709,1,NDay,52.39054984103235,15,1,2017
2017-01-16,BEVERAGES,2609.0,41,NDay,52.42005610622779,16,1,2017
2017-01-16,DAIRY,782.0,18,NDay,52.42014026556948,16,1,2017
2017-01-16,FROZEN FOODS,91.0,2,NDay,52.42019076117449,16,1,2017
2017-01-16,MEATS,263.016,1,NDay,52.42040957546288,16,1,2017
2017-01-16,SEAFOOD,24.364,1,NDay,52.420544230409575,16,1,2017
2017-01-17,BEVERAGES,2762.0,41,NDay,52.45,17,1,2017
2017-01-17,DAIRY,819.0,24,NDay,52.45,17,1,2017
2017-01-17,FROZEN FOODS,105.724,3,NDay,52.45,17,1,2017
2017-01-17,MEATS,241.312,0,NDay,52.45,17,1,2017
2017-01-17,SEAFOOD,23.685,1,NDay,52.45,17,1,2017
2017-01-18,BEVERAGES,2746.0,41,NDay,51.12,18,1,2017
2017-01-18,DAIRY,926.0,29,NDay,51.12,18,1,2017
2017-01-18,FROZEN FOODS,118.0,3,NDay,51.12,18,1,2017
2017-01-18,MEATS,277.846,0,NDay,51.12,18,1,2017
2017-01-18,SEAFOOD,26.945,1,NDay,51.12,18,1,2017
2017-01-19,BEVERAGES,2399.0,40,NDay,51.39,19,1,2017
2017-01-19,DAIRY,811.0,24,NDay,51.39,19,1,2017
2017-01-19,FROZEN FOODS,117.059,3,NDay,51.39,19,1,2017
2017-01-19,MEATS,259.604,0,NDay,51.39,19,1,2017
2017-01-19,SEAFOOD,24.641,1,NDay,51.39,19,1,2017
2017-01-20,BEVERAGES,1924.0,39,NDay,52.33,20,1,2017
2017-01-20,DAIRY,688.0,22,NDay,52.33,20,1,2017
2017-01-20,FROZEN FOODS,119.601,4,NDay,52.33,20,1,2017
2017-01-20,MEATS,733.804,46,NDay,52.33,20,1,2017
2017-01-20,SEAFOOD,26.973,6,NDay,52.33,20,1,2017
2017-01-21,BEVERAGES,2963.0,40,NDay,52.33049368863955,21,1,2017
2017-01-21,DAIRY,918.0,21,NDay,52.33111079943899,21,1,2017
2017-01-21,FROZEN FOODS,91.0,3,NDay,52.33148106591865,21,1,2017
2017-01-21,MEATS,281.905,0,NDay,52.33308555399719,21,1,2017
2017-01-21,SEAFOOD,39.34,1,NDay,52.334072931276296,21,1,2017
2017-01-22,BEVERAGES,1083.0,32,NDay,52.550431977559604,22,1,2017
2017-01-22,DAIRY,349.0,18,NDay,52.55104908835904,22,1,2017
2017-01-22,FROZEN FOODS,36.0,1,NDay,52.55141935483871,22,1,2017
2017-01-22,MEATS,95.406,0,NDay,52.55302384291725,22,1,2017
2017-01-22,SEAFOOD,16.549,0,NDay,52.55401122019635,22,1,2017
2017-01-23,BEVERAGES,3075.0,39,NDay,52.77,23,1,2017
2017-01-23,DAIRY,956.0,22,NDay,52.77,23,1,2017
2017-01-23,FROZEN FOODS,81.803,2,NDay,52.77,23,1,2017
2017-01-23,MEATS,243.851,0,NDay,52.77,23,1,2017
2017-01-23,SEAFOOD,12.756,0,NDay,52.77,23,1,2017
2017-01-24,BEVERAGES,2499.0,40,NDay,52.38,24,1,2017
2017-01-24,DAIRY,744.0,20,NDay,52.38,24,1,2017
2017-01-24,FROZEN FOODS,89.726,3,NDay,52.38,24,1,2017
2017-01-24,MEATS,248.489,0,NDay,52.38,24,1,2017
2017-01-24,SEAFOOD,17.691,1,NDay,52.38,24,1,2017
2017-01-25,BEVERAGES,2498.0,44,NDay,52.14,25,1,2017
2017-01-25,DAIRY,930.0,30,NDay,52.14,25,1,2017
2017-01-25,FROZEN FOODS,129.762,3,NDay,52.14,25,1,2017
2017-01-25,MEATS,315.459,0,NDay,52.14,25,1,2017
2017-01-25,SEAFOOD,21.958,1,NDay,52.14,25,1,2017
2017-01-26,BEVERAGES,1829.0,26,NDay,53.24,26,1,2017
2017-01-26,DAIRY,719.0,17,NDay,53.24,26,1,2017
2017-01-26,FROZEN FOODS,89.0,0,NDay,53.24,26,1,2017
2017-01-26,MEATS,256.342,0,NDay,53.24,26,1,2017
2017-01-26,SEAFOOD,35.122,1,NDay,53.24,26,1,2017
2017-01-27,BEVERAGES,2301.0,32,NDay,53.18,27,1,2017
2017-01-27,DAIRY,810.0,18,NDay,53.18,27,1,2017
2017-01-27,FROZEN FOODS,156.541,2,NDay,53.18,27,1,2017
2017-01-27,MEATS,685.893,47,NDay,53.18,27,1,2017
2017-01-27,SEAFOOD,40.822,7,NDay,53.18,27,1,2017
2017-01-28,BEVERAGES,2662.0,30,NDay,53.17938288920056,28,1,2017
2017-01-28,DAIRY,881.0,18,NDay,53.178611500701265,28,1,2017
2017-01-28,FROZEN FOODS,123.084,2,NDay,53.17814866760168,28,1,2017
2017-01-28,MEATS,238.377,0,NDay,53.17614305750351,28,1,2017
2017-01-28,SEAFOOD,28.67,1,NDay,53.17490883590463,28,1,2017
2017-01-29,BEVERAGES,1059.0,16,NDay,52.904460028050494,29,1,2017
2017-01-29,DAIRY,329.0,15,NDay,52.90368863955119,29,1,2017
2017-01-29,FROZEN FOODS,66.0,1,NDay,52.903225806451616,29,1,2017
2017-01-29,MEATS,99.83,0,NDay,52.901220196353435,29,1,2017
2017-01-29,SEAFOOD,12.271,0,NDay,52.89998597475456,29,1,2017
2017-01-30,BEVERAGES,1986.0,30,NDay,52.63,30,1,2017
2017-01-30,DAIRY,841.0,19,NDay,52.63,30,1,2017
2017-01-30,FROZEN FOODS,70.0,1,NDay,52.63,30,1,2017
2017-01-30,MEATS,302.193,0,NDay,52.63,30,1,2017
2017-01-30,SEAFOOD,15.851,0,NDay,52.63,30,1,2017
2017-01-31,BEVERAGES,1965.0,26,NDay,52.75,31,1,2017
2017-01-31,DAIRY,749.0,17,NDay,52.75,31,1,2017
2017-01-31,FROZEN FOODS,78.0,2,NDay,52.75,31,1,2017
2017-01-31,MEATS,362.781,0,NDay,52.75,31,1,2017
2017-01-31,SEAFOOD,17.671,1,NDay,52.75,31,1,2017
2017-02-01,BEVERAGES,2399.0,28,NDay,53.9,1,2,2017
2017-02-01,DAIRY,937.0,17,NDay,53.9,1,2,2017
2017-02-01,FROZEN FOODS,153.0,2,NDay,53.9,1,2,2017
2017-02-01,MEATS,285.026,0,NDay,53.9,1,2,2017
2017-02-01,SEAFOOD,31.098999,1,NDay,53.9,1,2,2017
2017-02-02,BEVERAGES,2257.0,18,NDay,53.55,2,2,2017
2017-02-02,DAIRY,768.0,17,NDay,53.55,2,2,2017
2017-02-02,FROZEN FOODS,111.475,2,NDay,53.55,2,2,2017
2017-02-02,MEATS,193.863,0,NDay,53.55,2,2,2017
2017-02-02,SEAFOOD,23.109,1,NDay,53.55,2,2,2017
2017-02-03,BEVERAGES,2236.0,20,NDay,53.81,3,2,2017
2017-02-03,DAIRY,875.0,16,NDay,53.81,3,2,2017
2017-02-03,FROZEN FOODS,110.0,3,NDay,53.81,3,2,2017
2017-02-03,MEATS,655.744,50,NDay,53.81,3,2,2017
2017-02-03,SEAFOOD,62.092,7,NDay,53.81,3,2,2017
2017-02-04,BEVERAGES,2737.0,24,NDay,53.80910238429173,4,2,2017
2017-02-04,DAIRY,890.0,18,NDay,53.80798036465638,4,2,2017
2017-02-04,FROZEN FOODS,117.265,3,NDay,53.807307152875175,4,2,2017
2017-02-04,MEATS,259.958,0,NDay,53.804389901823285,4,2,2017
2017-02-04,SEAFOOD,35.109,1,NDay,53.802594670406734,4,2,2017
2017-02-05,BEVERAGES,1063.0,20,NDay,53.40921458625526,5,2,2017
2017-02-05,DAIRY,380.0,16,NDay,53.408092566619914,5,2,2017
2017-02-05,FROZEN FOODS,41.0,2,NDay,53.40741935483871,5,2,2017
2017-02-05,MEATS,81.72,0,NDay,53.40450210378682,5,2,2017
2017-02-05,SEAFOOD,13.16,0,NDay,53.40270687237027,5,2,2017
2017-02-06,BEVERAGES,2238.0,19,NDay,53.01,6,2,2017
2017-02-06,DAIRY,768.0,16,NDay,53.01,6,2,2017
2017-02-06,FROZEN FOODS,87.0,3,NDay,53.01,6,2,2017
2017-02-06,MEATS,273.241,0,NDay,53.01,6,2,2017
2017-02-06,SEAFOOD,18.201,1,NDay,53.01,6,2,2017
2017-02-07,BEVERAGES,2169.0,23,NDay,52.19,7,2,2017
2017-02-07,DAIRY,839.0,18,NDay,52.19,7,2,2017
2017-02-07,FROZEN FOODS,95.841,3,NDay,52.19,7,2,2017
2017-02-07,MEATS,249.838,0,NDay,52.19,7,2,2017
2017-02-07,SEAFOOD,37.947,1,NDay,52.19,7,2,2017
2017-02-08,BEVERAGES,2523.0,32,NDay,52.37,8,2,2017
2017-02-08,DAIRY,871.0,24,NDay,52.37,8,2,2017
2017-02-08,FROZEN FOODS,122.956,4,NDay,52.37,8,2,2017
2017-02-08,MEATS,309.3,2,NDay,52.37,8,2,2017
2017-02-08,SEAFOOD,33.384,1,NDay,52.37,8,2,2017
2017-02-09,BEVERAGES,2112.0,12,NDay,52.99,9,2,2017
2017-02-09,DAIRY,733.0,14,NDay,52.99,9,2,2017
2017-02-09,FROZEN FOODS,97.0,1,NDay,52.99,9,2,2017
2017-02-09,MEATS,197.32901,0,NDay,52.99,9,2,2017
2017-02-09,SEAFOOD,20.24,1,NDay,52.99,9,2,2017
2017-02-10,BEVERAGES,2466.0,11,NDay,53.84,10,2,2017
2017-02-10,DAIRY,804.0,17,NDay,53.84,10,2,2017
2017-02-10,FROZEN FOODS,130.0,1,NDay,53.84,10,2,2017
2017-02-10,MEATS,609.167,47,NDay,53.84,10,2,2017
2017-02-10,SEAFOOD,32.547,5,NDay,53.84,10,2,2017
2017-02-11,BEVERAGES,2596.0,11,NDay,53.8390126227209,11,2,2017
2017-02-11,DAIRY,850.0,19,NDay,53.83777840112202,11,2,2017
2017-02-11,FROZEN FOODS,146.0,1,NDay,53.837037868162696,11,2,2017
2017-02-11,MEATS,306.706,1,NDay,53.83382889200561,11,2,2017
2017-02-11,SEAFOOD,35.597,1,NDay,53.83185413744741,11,2,2017
2017-02-12,BEVERAGES,1147.0,11,NDay,53.39913604488079,12,2,2017
2017-02-12,DAIRY,374.0,15,NDay,53.39790182328191,12,2,2017
2017-02-12,FROZEN FOODS,64.0,2,NDay,53.397161290322586,12,2,2017
2017-02-12,MEATS,114.379,0,NDay,53.3939523141655,12,2,2017
2017-02-12,SEAFOOD,19.435,0,NDay,53.3919775596073,12,2,2017
2017-02-13,BEVERAGES,2449.0,16,NDay,52.96,13,2,2017
2017-02-13,DAIRY,945.0,19,NDay,52.96,13,2,2017
2017-02-13,FROZEN FOODS,74.0,2,NDay,52.96,13,2,2017
2017-02-13,MEATS,274.905,0,NDay,52.96,13,2,2017
2017-02-13,SEAFOOD,28.091,1,NDay,52.96,13,2,2017
2017-02-14,BEVERAGES,2105.0,13,NDay,53.21,14,2,2017
2017-02-14,DAIRY,762.0,19,NDay,53.21,14,2,2017
2017-02-14,FROZEN FOODS,99.0,1,NDay,53.21,14,2,2017
2017-02-14,MEATS,259.894,0,NDay,53.21,14,2,2017
2017-02-14,SEAFOOD,29.826,1,NDay,53.21,14,2,2017
2017-02-15,BEVERAGES,2141.0,17,NDay,53.11,15,2,2017
2017-02-15,DAIRY,863.0,25,NDay,53.11,15,2,2017
2017-02-15,FROZEN FOODS,101.679,4,NDay,53.11,15,2,2017
2017-02-15,MEATS,341.423,1,NDay,53.11,15,2,2017
2017-02-15,SEAFOOD,33.062,0,NDay,53.11,15,2,2017
2017-02-16,BEVERAGES,1866.0,13,NDay,53.41,16,2,2017
2017-02-16,DAIRY,725.0,14,NDay,53.41,16,2,2017
2017-02-16,FROZEN FOODS,83.255,2,NDay,53.41,16,2,2017
2017-02-16,MEATS,307.091,0,NDay,53.41,16,2,2017
2017-02-16,SEAFOOD,23.361,2,NDay,53.41,16,2,2017
2017-02-17,BEVERAGES,2286.0,16,NDay,53.41,17,2,2017
2017-02-17,DAIRY,840.0,15,NDay,53.41,17,2,2017
2017-02-17,FROZEN FOODS,117.94,3,NDay,53.41,17,2,2017
2017-02-17,MEATS,792.446,46,NDay,53.41,17,2,2017
2017-02-17,SEAFOOD,43.53,7,NDay,53.41,17,2,2017
2017-02-18,BEVERAGES,2906.0,16,NDay,53.4104563306527,18,2,2017
2017-02-18,DAIRY,963.0,15,NDay,53.41102674396858,18,2,2017
2017-02-18,FROZEN FOODS,106.0,2,NDay,53.411368991958106,18,2,2017
2017-02-18,MEATS,388.552,0,NDay,53.41285206657939,18,2,2017
2017-02-18,SEAFOOD,38.641,1,NDay,53.41376472788479,18,2,2017
2017-02-19,BEVERAGES,1019.0,16,NDay,53.613751636431644,19,2,2017
2017-02-19,DAIRY,366.0,14,NDay,53.61432204974752,19,2,2017
2017-02-19,FROZEN FOODS,64.0,2,NDay,53.61466429773705,19,2,2017
2017-02-19,MEATS,101.986,0,NDay,53.61614737235833,19,2,2017
2017-02-19,SEAFOOD,12.1189995,0,NDay,53.61706003366373,19,2,2017
2017-02-20,BEVERAGES,2248.0,17,NDay,53.81704694221059,20,2,2017
2017-02-20,DAIRY,742.0,13,NDay,53.817617355526465,20,2,2017
2017-02-20,FROZEN FOODS,82.0,0,NDay,53.817959603515995,20,2,2017
2017-02-20,MEATS,298.638,0,NDay,53.81944267813727,20,2,2017
2017-02-20,SEAFOOD,15.724,1,NDay,53.82035533944268,20,2,2017
2017-02-21,BEVERAGES,2419.0,19,NDay,54.02,21,2,2017
2017-02-21,DAIRY,780.0,15,NDay,54.02,21,2,2017
2017-02-21,FROZEN FOODS,64.0,2,NDay,54.02,21,2,2017
2017-02-21,MEATS,339.413,0,NDay,54.02,21,2,2017
2017-02-21,SEAFOOD,21.775,0,NDay,54.02,21,2,2017
2017-02-22,BEVERAGES,2075.0,17,NDay,53.61,22,2,2017
2017-02-22,DAIRY,766.0,15,NDay,53.61,22,2,2017
2017-02-22,FROZEN FOODS,106.0,2,NDay,53.61,22,2,2017
2017-02-22,MEATS,221.786,0,NDay,53.61,22,2,2017
2017-02-22,SEAFOOD,27.252,1,NDay,53.61,22,2,2017
2017-02-23,BEVERAGES,1923.0,13,NDay,54.48,23,2,2017
2017-02-23,DAIRY,738.0,14,NDay,54.48,23,2,2017
2017-02-23,FROZEN FOODS,99.0,2,NDay,54.48,23,2,2017
2017-02-23,MEATS,264.777,0,NDay,54.48,23,2,2017
2017-02-23,SEAFOOD,19.188,0,NDay,54.48,23,2,2017
2017-02-24,BEVERAGES,2508.0,14,NDay,53.99,24,2,2017
2017-02-24,DAIRY,791.0,13,NDay,53.99,24,2,2017
2017-02-24,FROZEN FOODS,135.502,2,NDay,53.99,24,2,2017
2017-02-24,MEATS,701.473,50,NDay,53.99,24,2,2017
2017-02-24,SEAFOOD,34.159,6,NDay,53.99,24,2,2017
2017-02-25,BEVERAGES,2198.0,15,NDay,53.99005610098177,25,2,2017
2017-02-25,DAIRY,705.0,13,NDay,53.990126227208975,25,2,2017
2017-02-25,FROZEN FOODS,88.0,2,NDay,53.99016830294531,25,2,2017
2017-02-25,MEATS,314.033,1,NDay,53.990350631136046,25,2,2017
2017-02-25,SEAFOOD,33.493,0,NDay,53.99046283309958,25,2,2017
2017-02-26,BEVERAGES,690.0,9,NDay,54.01504908835905,26,2,2017
2017-02-26,DAIRY,227.0,13,NDay,54.01511921458626,26,2,2017
2017-02-26,FROZEN FOODS,24.0,2,NDay,54.01516129032258,26,2,2017
2017-02-26,MEATS,82.119,0,NDay,54.01534361851333,26,2,2017
2017-02-26,SEAFOOD,10.172,0,NDay,54.01545582047686,26,2,2017
2017-02-27,BEVERAGES,669.0,11,Holiday,54.04,27,2,2017
2017-02-27,DAIRY,183.0,9,Holiday,54.04,27,2,2017
2017-02-27,FROZEN FOODS,22.0,2,Holiday,54.04,27,2,2017
2017-02-27,MEATS,66.156,0,Holiday,54.04,27,2,2017
2017-02-27,SEAFOOD,6.396,0,Holiday,54.04,27,2,2017
2017-02-28,BEVERAGES,1059.0,11,Holiday,54.0,28,2,2017
2017-02-28,DAIRY,361.0,8,Holiday,54.0,28,2,2017
2017-02-28,FROZEN FOODS,77.471,1,Holiday,54.0,28,2,2017
2017-02-28,MEATS,111.985,1,Holiday,54.0,28,2,2017
2017-02-28,SEAFOOD,13.768,0,Holiday,54.0,28,2,2017
2017-03-01,BEVERAGES,3343.0,25,NDay,53.82,1,3,2017
2017-03-01,DAIRY,1162.0,31,NDay,53.82,1,3,2017
2017-03-01,FROZEN FOODS,158.0,1,NDay,53.82,1,3,2017
2017-03-01,MEATS,367.102,0,NDay,53.82,1,3,2017
2017-03-01,SEAFOOD,43.295,0,NDay,53.82,1,3,2017
2017-03-02,BEVERAGES,2519.0,20,Holiday,52.63,2,3,2017
2017-03-02,DAIRY,848.0,31,Holiday,52.63,2,3,2017
2017-03-02,FROZEN FOODS,84.0,2,Holiday,52.63,2,3,2017
2017-03-02,MEATS,379.065,0,Holiday,52.63,2,3,2017
2017-03-02,SEAFOOD,28.554,0,Holiday,52.63,2,3,2017
2017-03-03,BEVERAGES,2536.0,13,NDay,53.33,3,3,2017
2017-03-03,DAIRY,890.0,31,NDay,53.33,3,3,2017
2017-03-03,FROZEN FOODS,142.0,2,NDay,53.33,3,3,2017
2017-03-03,MEATS,562.386,49,NDay,53.33,3,3,2017
2017-03-03,SEAFOOD,48.479,6,NDay,53.33,3,3,2017
2017-03-04,BEVERAGES,2577.0,18,NDay,53.32984291725105,4,3,2017
2017-03-04,DAIRY,898.0,32,NDay,53.32964656381486,4,3,2017
2017-03-04,FROZEN FOODS,151.0,2,NDay,53.32952875175315,4,3,2017
2017-03-04,MEATS,256.888,0,NDay,53.329018232819074,4,3,2017
2017-03-04,SEAFOOD,34.016,0,NDay,53.328704067321176,4,3,2017
2017-03-05,BEVERAGES,1039.0,12,NDay,53.25986255259467,5,3,2017
2017-03-05,DAIRY,345.0,23,NDay,53.25966619915848,5,3,2017
2017-03-05,FROZEN FOODS,50.0,2,NDay,53.25954838709677,5,3,2017
2017-03-05,MEATS,101.709,0,NDay,53.25903786816269,5,3,2017
2017-03-05,SEAFOOD,14.918,0,NDay,53.258723702664795,5,3,2017
2017-03-06,BEVERAGES,1898.0,14,NDay,53.19,6,3,2017
2017-03-06,DAIRY,785.0,27,NDay,53.19,6,3,2017
2017-03-06,FROZEN FOODS,103.26,2,NDay,53.19,6,3,2017
2017-03-06,MEATS,245.266,0,NDay,53.19,6,3,2017
2017-03-06,SEAFOOD,19.717,0,NDay,53.19,6,3,2017
2017-03-07,BEVERAGES,2625.0,9,NDay,52.68,7,3,2017
2017-03-07,DAIRY,748.0,30,NDay,52.68,7,3,2017
2017-03-07,FROZEN FOODS,94.0,2,NDay,52.68,7,3,2017
2017-03-07,MEATS,299.861,1,NDay,52.68,7,3,2017
2017-03-07,SEAFOOD,32.021,0,NDay,52.68,7,3,2017
2017-03-08,BEVERAGES,2266.0,12,NDay,49.83,8,3,2017
2017-03-08,DAIRY,854.0,32,NDay,49.83,8,3,2017
2017-03-08,FROZEN FOODS,126.806,2,NDay,49.83,8,3,2017
2017-03-08,MEATS,275.203,0,NDay,49.83,8,3,2017
2017-03-08,SEAFOOD,32.725,0,NDay,49.83,8,3,2017
2017-03-09,BEVERAGES,2084.0,25,NDay,48.75,9,3,2017
2017-03-09,DAIRY,721.0,27,NDay,48.75,9,3,2017
2017-03-09,FROZEN FOODS,148.48,1,NDay,48.75,9,3,2017
2017-03-09,MEATS,446.685,0,NDay,48.75,9,3,2017
2017-03-09,SEAFOOD,32.707,0,NDay,48.75,9,3,2017
2017-03-10,BEVERAGES,2418.0,29,NDay,48.05,10,3,2017
2017-03-10,DAIRY,858.0,29,NDay,48.05,10,3,2017
2017-03-10,FROZEN FOODS,129.0,2,NDay,48.05,10,3,2017
2017-03-10,MEATS,613.192,51,NDay,48.05,10,3,2017
2017-03-10,SEAFOOD,51.195,7,NDay,48.05,10,3,2017
2017-03-11,BEVERAGES,2701.0,31,NDay,48.049887798036465,11,3,2017
2017-03-11,DAIRY,889.0,29,NDay,48.04974754558204,11,3,2017
2017-03-11,FROZEN FOODS,109.0,3,NDay,48.049663394109395,11,3,2017
2017-03-11,MEATS,279.109,0,NDay,48.04929873772791,11,3,2017
2017-03-11,SEAFOOD,36.293,0,NDay,48.04907433380084,11,3,2017
2017-03-12,BEVERAGES,1338.0,23,NDay,47.99990182328191,12,3,2017
2017-03-12,DAIRY,415.0,19,NDay,47.99976157082749,12,3,2017
2017-03-12,FROZEN FOODS,52.0,3,NDay,47.99967741935484,12,3,2017
2017-03-12,MEATS,118.355,0,NDay,47.999312762973354,12,3,2017
2017-03-12,SEAFOOD,11.128,0,NDay,47.99908835904628,12,3,2017
2017-03-13,BEVERAGES,2322.0,29,NDay,47.95,13,3,2017
2017-03-13,DAIRY,815.0,30,NDay,47.95,13,3,2017
2017-03-13,FROZEN FOODS,103.0,2,NDay,47.95,13,3,2017
2017-03-13,MEATS,265.276,0,NDay,47.95,13,3,2017
2017-03-13,SEAFOOD,23.141,0,NDay,47.95,13,3,2017
2017-03-14,BEVERAGES,2216.0,29,NDay,47.24,14,3,2017
2017-03-14,DAIRY,783.0,22,NDay,47.24,14,3,2017
2017-03-14,FROZEN FOODS,72.0,0,NDay,47.24,14,3,2017
2017-03-14,MEATS,236.247,0,NDay,47.24,14,3,2017
2017-03-14,SEAFOOD,35.866,1,NDay,47.24,14,3,2017
2017-03-15,BEVERAGES,2648.0,29,NDay,48.34,15,3,2017
2017-03-15,DAIRY,953.0,30,NDay,48.34,15,3,2017
2017-03-15,FROZEN FOODS,98.415,1,NDay,48.34,15,3,2017
2017-03-15,MEATS,320.413,0,NDay,48.34,15,3,2017
2017-03-15,SEAFOOD,32.482,1,NDay,48.34,15,3,2017
2017-03-16,BEVERAGES,2057.0,28,NDay,48.3,16,3,2017
2017-03-16,DAIRY,794.0,31,NDay,48.3,16,3,2017
2017-03-16,FROZEN FOODS,132.957,2,NDay,48.3,16,3,2017
2017-03-16,MEATS,227.29,0,NDay,48.3,16,3,2017
2017-03-16,SEAFOOD,32.395,0,NDay,48.3,16,3,2017
2017-03-17,BEVERAGES,2955.0,31,NDay,48.34,17,3,2017
2017-03-17,DAIRY,1118.0,46,NDay,48.34,17,3,2017
2017-03-17,FROZEN FOODS,160.0,3,NDay,48.34,17,3,2017
2017-03-17,MEATS,1080.291,50,NDay,48.34,17,3,2017
2017-03-17,SEAFOOD,81.338,6,NDay,48.34,17,3,2017
2017-03-18,BEVERAGES,2502.0,29,NDay,48.339382889200564,18,3,2017
2017-03-18,DAIRY,920.0,36,NDay,48.33861150070127,18,3,2017
2017-03-18,FROZEN FOODS,124.0,3,NDay,48.338148667601686,18,3,2017
2017-03-18,MEATS,298.406,0,NDay,48.33614305750351,18,3,2017
2017-03-18,SEAFOOD,27.122,0,NDay,48.334908835904635,18,3,2017
2017-03-19,BEVERAGES,1094.0,22,NDay,48.06446002805049,19,3,2017
2017-03-19,DAIRY,423.0,25,NDay,48.063688639551195,19,3,2017
2017-03-19,FROZEN FOODS,34.0,3,NDay,48.06322580645161,19,3,2017
2017-03-19,MEATS,121.816,0,NDay,48.06122019635344,19,3,2017
2017-03-19,SEAFOOD,14.622,0,NDay,48.05998597475456,19,3,2017
2017-03-20,BEVERAGES,2370.0,25,NDay,47.79,20,3,2017
2017-03-20,DAIRY,861.0,38,NDay,47.79,20,3,2017
2017-03-20,FROZEN FOODS,115.532,2,NDay,47.79,20,3,2017
2017-03-20,MEATS,223.134,0,NDay,47.79,20,3,2017
2017-03-20,SEAFOOD,30.924,1,NDay,47.79,20,3,2017
2017-03-21,BEVERAGES,2873.0,21,NDay,47.02,21,3,2017
2017-03-21,DAIRY,787.0,44,NDay,47.02,21,3,2017
2017-03-21,FROZEN FOODS,109.0,3,NDay,47.02,21,3,2017
2017-03-21,MEATS,302.965,0,NDay,47.02,21,3,2017
2017-03-21,SEAFOOD,27.486,1,NDay,47.02,21,3,2017
2017-03-22,BEVERAGES,2658.0,24,NDay,47.29,22,3,2017
2017-03-22,DAIRY,921.0,43,NDay,47.29,22,3,2017
2017-03-22,FROZEN FOODS,108.0,2,NDay,47.29,22,3,2017
2017-03-22,MEATS,362.22,0,NDay,47.29,22,3,2017
2017-03-22,SEAFOOD,43.231,0,NDay,47.29,22,3,2017
2017-03-23,BEVERAGES,2333.0,20,NDay,47.0,23,3,2017
2017-03-23,DAIRY,761.0,23,NDay,47.0,23,3,2017
2017-03-23,FROZEN FOODS,121.098,2,NDay,47.0,23,3,2017
2017-03-23,MEATS,269.38,0,NDay,47.0,23,3,2017
2017-03-23,SEAFOOD,21.258,0,NDay,47.0,23,3,2017
2017-03-24,BEVERAGES,2745.0,19,NDay,47.3,24,3,2017
2017-03-24,DAIRY,936.0,32,NDay,47.3,24,3,2017
2017-03-24,FROZEN FOODS,154.0,2,NDay,47.3,24,3,2017
2017-03-24,MEATS,697.56,49,NDay,47.3,24,3,2017
2017-03-24,SEAFOOD,66.161,7,NDay,47.3,24,3,2017
2017-03-25,BEVERAGES,2356.0,21,NDay,47.2996858345021,25,3,2017
2017-03-25,DAIRY,943.0,33,NDay,47.29929312762973,25,3,2017
2017-03-25,FROZEN FOODS,118.0,2,NDay,47.29905750350631,25,3,2017
2017-03-25,MEATS,274.622,0,NDay,47.29803646563815,25,3,2017
2017-03-25,SEAFOOD,37.283,1,NDay,47.29740813464235,25,3,2017
2017-03-26,BEVERAGES,1110.0,16,NDay,47.15972510518934,26,3,2017
2017-03-26,DAIRY,399.0,24,NDay,47.15933239831697,26,3,2017
2017-03-26,FROZEN FOODS,37.0,1,NDay,47.15909677419355,26,3,2017
2017-03-26,MEATS,97.512,0,NDay,47.15807573632539,26,3,2017
2017-03-26,SEAFOOD,16.902,0,NDay,47.15744740532959,26,3,2017
2017-03-27,BEVERAGES,2388.0,21,NDay,47.02,27,3,2017
2017-03-27,DAIRY,855.0,31,NDay,47.02,27,3,2017
2017-03-27,FROZEN FOODS,120.831,2,NDay,47.02,27,3,2017
2017-03-27,MEATS,306.909,0,NDay,47.02,27,3,2017
2017-03-27,SEAFOOD,33.669,1,NDay,47.02,27,3,2017
2017-03-28,BEVERAGES,2184.0,17,NDay,48.36,28,3,2017
2017-03-28,DAIRY,805.0,35,NDay,48.36,28,3,2017
2017-03-28,FROZEN FOODS,95.0,2,NDay,48.36,28,3,2017
2017-03-28,MEATS,318.93298,0,NDay,48.36,28,3,2017
2017-03-28,SEAFOOD,21.657,1,NDay,48.36,28,3,2017
2017-03-29,BEVERAGES,2450.0,23,NDay,49.47,29,3,2017
2017-03-29,DAIRY,956.0,31,NDay,49.47,29,3,2017
2017-03-29,FROZEN FOODS,165.434,2,NDay,49.47,29,3,2017
2017-03-29,MEATS,299.498,1,NDay,49.47,29,3,2017
2017-03-29,SEAFOOD,34.074,0,NDay,49.47,29,3,2017
2017-03-30,BEVERAGES,1971.0,3,NDay,50.3,30,3,2017
2017-03-30,DAIRY,756.0,21,NDay,50.3,30,3,2017
2017-03-30,FROZEN FOODS,87.0,2,NDay,50.3,30,3,2017
2017-03-30,MEATS,304.513,1,NDay,50.3,30,3,2017
2017-03-30,SEAFOOD,29.3,0,NDay,50.3,30,3,2017
2017-03-31,BEVERAGES,2351.0,7,NDay,50.54,31,3,2017
2017-03-31,DAIRY,949.0,28,NDay,50.54,31,3,2017
2017-03-31,FROZEN FOODS,114.269,3,NDay,50.54,31,3,2017
2017-03-31,MEATS,641.74097,50,NDay,50.54,31,3,2017
2017-03-31,SEAFOOD,52.199,7,NDay,50.54,31,3,2017
2017-04-01,BEVERAGES,3229.0,8,Holiday,50.53967461430575,1,4,2017
2017-04-01,DAIRY,1151.0,3,Holiday,50.539267882187936,1,4,2017
2017-04-01,FROZEN FOODS,132.0,0,Holiday,50.53902384291725,1,4,2017
2017-04-01,MEATS,377.372,0,Holiday,50.537966339410936,1,4,2017
2017-04-01,SEAFOOD,48.369,0,Holiday,50.53731556802244,1,4,2017
2017-04-02,BEVERAGES,1210.0,9,NDay,50.39471528751753,2,4,2017
2017-04-02,DAIRY,446.0,1,NDay,50.39430855539972,2,4,2017
2017-04-02,FROZEN FOODS,51.0,0,NDay,50.394064516129035,2,4,2017
2017-04-02,MEATS,111.819,0,NDay,50.39300701262272,2,4,2017
2017-04-02,SEAFOOD,12.073,0,NDay,50.39235624123422,2,4,2017
2017-04-03,BEVERAGES,2097.0,9,NDay,50.25,3,4,2017
2017-04-03,DAIRY,794.0,5,NDay,50.25,3,4,2017
2017-04-03,FROZEN FOODS,134.773,0,NDay,50.25,3,4,2017
2017-04-03,MEATS,216.484,0,NDay,50.25,3,4,2017
2017-04-03,SEAFOOD,22.888,0,NDay,50.25,3,4,2017
2017-04-04,BEVERAGES,2249.0,9,NDay,50.99,4,4,2017
2017-04-04,DAIRY,725.0,3,NDay,50.99,4,4,2017
2017-04-04,FROZEN FOODS,83.0,0,NDay,50.99,4,4,2017
2017-04-04,MEATS,337.462,0,NDay,50.99,4,4,2017
2017-04-04,SEAFOOD,34.373,0,NDay,50.99,4,4,2017
2017-04-05,BEVERAGES,2687.0,8,NDay,51.14,5,4,2017
2017-04-05,DAIRY,1074.0,5,NDay,51.14,5,4,2017
2017-04-05,FROZEN FOODS,114.0,0,NDay,51.14,5,4,2017
2017-04-05,MEATS,327.654,0,NDay,51.14,5,4,2017
2017-04-05,SEAFOOD,39.153,0,NDay,51.14,5,4,2017
2017-04-06,BEVERAGES,2164.0,10,NDay,51.69,6,4,2017
2017-04-06,DAIRY,690.0,5,NDay,51.69,6,4,2017
2017-04-06,FROZEN FOODS,136.258,0,NDay,51.69,6,4,2017
2017-04-06,MEATS,322.112,0,NDay,51.69,6,4,2017
2017-04-06,SEAFOOD,19.717001,0,NDay,51.69,6,4,2017
2017-04-07,BEVERAGES,2527.0,7,NDay,52.25,7,4,2017
2017-04-07,DAIRY,943.0,8,NDay,52.25,7,4,2017
2017-04-07,FROZEN FOODS,131.0,0,NDay,52.25,7,4,2017
2017-04-07,MEATS,666.137,48,NDay,52.25,7,4,2017
2017-04-07,SEAFOOD,85.444,7,NDay,52.25,7,4,2017
2017-04-08,BEVERAGES,2729.0,9,NDay,52.25090883590463,8,4,2017
2017-04-08,DAIRY,897.0,4,NDay,52.25204488078541,8,4,2017
2017-04-08,FROZEN FOODS,82.0,0,NDay,52.25272650771389,8,4,2017
2017-04-08,MEATS,501.245,0,NDay,52.255680224403925,8,4,2017
2017-04-08,SEAFOOD,31.465,0,NDay,52.25749789621318,8,4,2017
2017-04-09,BEVERAGES,1175.0,7,NDay,52.65579523141655,9,4,2017
2017-04-09,DAIRY,393.0,4,NDay,52.656931276297335,9,4,2017
2017-04-09,FROZEN FOODS,42.0,0,NDay,52.65761290322581,9,4,2017
2017-04-09,MEATS,107.984,0,NDay,52.66056661991585,9,4,2017
2017-04-09,SEAFOOD,13.269,0,NDay,52.662384291725104,9,4,2017
2017-04-10,BEVERAGES,2033.0,8,NDay,53.06,10,4,2017
2017-04-10,DAIRY,744.0,7,NDay,53.06,10,4,2017
2017-04-10,FROZEN FOODS,101.569,0,NDay,53.06,10,4,2017
2017-04-10,MEATS,331.989,0,NDay,53.06,10,4,2017
2017-04-10,SEAFOOD,23.494,0,NDay,53.06,10,4,2017
2017-04-11,BEVERAGES,2116.0,11,NDay,53.38,11,4,2017
2017-04-11,DAIRY,724.0,7,NDay,53.38,11,4,2017
2017-04-11,FROZEN FOODS,86.0,0,NDay,53.38,11,4,2017
2017-04-11,MEATS,249.95,1,NDay,53.38,11,4,2017
2017-04-11,SEAFOOD,16.0,0,NDay,53.38,11,4,2017
2017-04-12,BEVERAGES,2457.0,21,NDay,53.12,12,4,2017
2017-04-12,DAIRY,955.0,11,NDay,53.12,12,4,2017
2017-04-12,FROZEN FOODS,163.944,3,NDay,53.12,12,4,2017
2017-04-12,MEATS,193.187,1,NDay,53.12,12,4,2017
2017-04-12,SEAFOOD,66.326004,0,NDay,53.12,12,4,2017
2017-04-13,BEVERAGES,2599.0,27,Transfer,53.19,13,4,2017
2017-04-13,DAIRY,913.0,5,Transfer,53.19,13,4,2017
2017-04-13,FROZEN FOODS,148.073,2,Transfer,53.19,13,4,2017
2017-04-13,MEATS,231.898,1,Transfer,53.19,13,4,2017
2017-04-13,SEAFOOD,30.758999,0,Transfer,53.19,13,4,2017
2017-04-14,BEVERAGES,817.0,14,Holiday,53.189573592668786,14,4,2017
2017-04-14,DAIRY,357.0,7,Holiday,53.18904058350477,14,4,2017
2017-04-14,FROZEN FOODS,36.0,2,Holiday,53.188720778006356,14,4,2017
2017-04-14,MEATS,357.443,31,Holiday,53.18733495417991,14,4,2017
2017-04-14,SEAFOOD,16.723,5,Holiday,53.18648213951749,14,4,2017
2017-04-15,BEVERAGES,1946.0,13,NDay,52.99960912661305,15,4,2017
2017-04-15,DAIRY,563.0,6,NDay,52.999076117449036,15,4,2017
2017-04-15,FROZEN FOODS,82.0,1,NDay,52.99875631195062,15,4,2017
2017-04-15,MEATS,112.284,1,NDay,52.99737048812418,15,4,2017
2017-04-15,SEAFOOD,21.207,0,NDay,52.99651767346175,15,4,2017
2017-04-16,BEVERAGES,1114.0,20,NDay,52.80964466055732,16,4,2017
2017-04-16,DAIRY,324.0,2,NDay,52.8091116513933,16,4,2017
2017-04-16,FROZEN FOODS,40.0,2,NDay,52.808791845894895,16,4,2017
2017-04-16,MEATS,92.188,1,NDay,52.80740602206845,16,4,2017
2017-04-16,SEAFOOD,16.191,0,NDay,52.80655320740602,16,4,2017
2017-04-17,BEVERAGES,2731.0,23,NDay,52.62,17,4,2017
2017-04-17,DAIRY,774.0,7,NDay,52.62,17,4,2017
2017-04-17,FROZEN FOODS,73.0,1,NDay,52.62,17,4,2017
2017-04-17,MEATS,283.699,0,NDay,52.62,17,4,2017
2017-04-17,SEAFOOD,21.583,0,NDay,52.62,17,4,2017
2017-04-18,BEVERAGES,2102.0,20,NDay,52.46,18,4,2017
2017-04-18,DAIRY,691.0,4,NDay,52.46,18,4,2017
2017-04-18,FROZEN FOODS,159.33499,1,NDay,52.46,18,4,2017
2017-04-18,MEATS,303.303,3,NDay,52.46,18,4,2017
2017-04-18,SEAFOOD,20.934,0,NDay,52.46,18,4,2017
2017-04-19,BEVERAGES,2426.0,27,NDay,50.49,19,4,2017
2017-04-19,DAIRY,801.0,21,NDay,50.49,19,4,2017
2017-04-19,FROZEN FOODS,114.0,2,NDay,50.49,19,4,2017
2017-04-19,MEATS,241.91,2,NDay,50.49,19,4,2017
2017-04-19,SEAFOOD,18.434,0,NDay,50.49,19,4,2017
2017-04-20,BEVERAGES,1948.0,23,NDay,50.26,20,4,2017
2017-04-20,DAIRY,666.0,16,NDay,50.26,20,4,2017
2017-04-20,FROZEN FOODS,120.054,1,NDay,50.26,20,4,2017
2017-04-20,MEATS,335.495,1,NDay,50.26,20,4,2017
2017-04-20,SEAFOOD,24.589,0,NDay,50.26,20,4,2017
2017-04-21,BEVERAGES,2600.0,25,Holiday,49.64,21,4,2017
2017-04-21,DAIRY,1078.0,27,Holiday,49.64,21,4,2017
2017-04-21,FROZEN FOODS,145.97,3,Holiday,49.64,21,4,2017
2017-04-21,MEATS,659.54297,48,Holiday,49.64,21,4,2017
2017-04-21,SEAFOOD,41.827,7,Holiday,49.64,21,4,2017
2017-04-22,BEVERAGES,2785.0,32,NDay,49.63916970546985,22,4,2017
2017-04-22,DAIRY,884.0,23,NDay,49.63813183730716,22,4,2017
2017-04-22,FROZEN FOODS,135.0,2,NDay,49.63750911640954,22,4,2017
2017-04-22,MEATS,292.12,0,NDay,49.634810659186535,22,4,2017
2017-04-22,SEAFOOD,28.167,0,NDay,49.63315007012623,22,4,2017
2017-04-23,BEVERAGES,1047.0,23,NDay,49.26927349228612,23,4,2017
2017-04-23,DAIRY,390.0,20,NDay,49.26823562412342,23,4,2017
2017-04-23,FROZEN FOODS,35.0,2,NDay,49.2676129032258,23,4,2017
2017-04-23,MEATS,122.285,0,NDay,49.264914446002805,23,4,2017
2017-04-23,SEAFOOD,8.357,0,NDay,49.2632538569425,23,4,2017
2017-04-24,BEVERAGES,2419.0,36,NDay,48.9,24,4,2017
2017-04-24,DAIRY,832.0,21,NDay,48.9,24,4,2017
2017-04-24,FROZEN FOODS,123.038,2,NDay,48.9,24,4,2017
2017-04-24,MEATS,330.03,0,NDay,48.9,24,4,2017
2017-04-24,SEAFOOD,27.497,0,NDay,48.9,24,4,2017
2017-04-25,BEVERAGES,2083.0,27,NDay,49.22,25,4,2017
2017-04-25,DAIRY,669.0,21,NDay,49.22,25,4,2017
2017-04-25,FROZEN FOODS,98.19,2,NDay,49.22,25,4,2017
2017-04-25,MEATS,218.86101,0,NDay,49.22,25,4,2017
2017-04-25,SEAFOOD,16.678,0,NDay,49.22,25,4,2017
2017-04-26,BEVERAGES,2608.0,29,NDay,49.22,26,4,2017
2017-04-26,DAIRY,832.0,24,NDay,49.22,26,4,2017
2017-04-26,FROZEN FOODS,139.466,4,NDay,49.22,26,4,2017
2017-04-26,MEATS,270.26,0,NDay,49.22,26,4,2017
2017-04-26,SEAFOOD,32.012,0,NDay,49.22,26,4,2017
2017-04-27,BEVERAGES,2022.0,32,NDay,48.96,27,4,2017
2017-04-27,DAIRY,734.0,25,NDay,48.96,27,4,2017
2017-04-27,FROZEN FOODS,90.679,2,NDay,48.96,27,4,2017
2017-04-27,MEATS,246.371,1,NDay,48.96,27,4,2017
2017-04-27,SEAFOOD,14.396,0,NDay,48.96,27,4,2017
2017-04-28,BEVERAGES,2235.0,28,NDay,49.31,28,4,2017
2017-04-28,DAIRY,867.0,30,NDay,49.31,28,4,2017
2017-04-28,FROZEN FOODS,162.693,2,NDay,49.31,28,4,2017
2017-04-28,MEATS,797.58704,49,NDay,49.31,28,4,2017
2017-04-28,SEAFOOD,43.402,7,NDay,49.31,28,4,2017
2017-04-29,BEVERAGES,2156.0,33,NDay,49.309461430575034,29,4,2017
2017-04-29,DAIRY,809.0,24,NDay,49.30878821879383,29,4,2017
2017-04-29,FROZEN FOODS,92.0,1,NDay,49.308384291725105,29,4,2017
2017-04-29,MEATS,300.507,0,NDay,49.30663394109397,29,4,2017
2017-04-29,SEAFOOD,26.573,0,NDay,49.30555680224404,29,4,2017
2017-04-30,BEVERAGES,995.0,17,NDay,49.069528751753154,30,4,2017
2017-04-30,DAIRY,315.0,23,NDay,49.06885553997195,30,4,2017
2017-04-30,FROZEN FOODS,58.656,2,NDay,49.068451612903225,30,4,2017
2017-04-30,MEATS,87.319,0,NDay,49.06670126227209,30,4,2017
2017-04-30,SEAFOOD,11.926,0,NDay,49.06562412342216,30,4,2017
2017-05-01,BEVERAGES,825.0,15,Holiday,48.83,1,5,2017
2017-05-01,DAIRY,326.0,22,Holiday,48.83,1,5,2017
2017-05-01,FROZEN FOODS,30.0,1,Holiday,48.83,1,5,2017
2017-05-01,MEATS,70.039,0,Holiday,48.83,1,5,2017
2017-05-01,SEAFOOD,16.694,0,Holiday,48.83,1,5,2017
2017-05-02,BEVERAGES,3179.0,26,NDay,47.65,2,5,2017
2017-05-02,DAIRY,897.0,25,NDay,47.65,2,5,2017
2017-05-02,FROZEN FOODS,107.965,1,NDay,47.65,2,5,2017
2017-05-02,MEATS,378.861,0,NDay,47.65,2,5,2017
2017-05-02,SEAFOOD,40.838,0,NDay,47.65,2,5,2017
2017-05-03,BEVERAGES,2479.0,28,NDay,47.79,3,5,2017
2017-05-03,DAIRY,927.0,36,NDay,47.79,3,5,2017
2017-05-03,FROZEN FOODS,134.0,3,NDay,47.79,3,5,2017
2017-05-03,MEATS,408.748,0,NDay,47.79,3,5,2017
2017-05-03,SEAFOOD,43.438,0,NDay,47.79,3,5,2017
2017-05-04,BEVERAGES,2454.0,15,NDay,45.55,4,5,2017
2017-05-04,DAIRY,755.0,30,NDay,45.55,4,5,2017
2017-05-04,FROZEN FOODS,104.454,2,NDay,45.55,4,5,2017
2017-05-04,MEATS,279.7,1,NDay,45.55,4,5,2017
2017-05-04,SEAFOOD,36.435,0,NDay,45.55,4,5,2017
2017-05-05,BEVERAGES,2243.0,17,NDay,46.23,5,5,2017
2017-05-05,DAIRY,882.0,31,NDay,46.23,5,5,2017
2017-05-05,FROZEN FOODS,138.0,3,NDay,46.23,5,5,2017
2017-05-05,MEATS,893.13,49,NDay,46.23,5,5,2017
2017-05-05,SEAFOOD,40.361,7,NDay,46.23,5,5,2017
2017-05-06,BEVERAGES,2735.0,13,NDay,46.23025806451613,6,5,2017
2017-05-06,DAIRY,919.0,28,NDay,46.23058064516129,6,5,2017
2017-05-06,FROZEN FOODS,133.0,1,NDay,46.230774193548385,6,5,2017
2017-05-06,MEATS,285.99,0,NDay,46.2316129032258,6,5,2017
2017-05-06,SEAFOOD,42.478,0,NDay,46.23212903225806,6,5,2017
2017-05-07,BEVERAGES,1019.0,11,NDay,46.34522580645161,7,5,2017
2017-05-07,DAIRY,355.0,25,NDay,46.34554838709677,7,5,2017
2017-05-07,FROZEN FOODS,35.0,2,NDay,46.34574193548387,7,5,2017
2017-05-07,MEATS,118.398,0,NDay,46.34658064516129,7,5,2017
2017-05-07,SEAFOOD,7.853,0,NDay,46.347096774193545,7,5,2017
2017-05-08,BEVERAGES,2317.0,16,NDay,46.46,8,5,2017
2017-05-08,DAIRY,852.0,27,NDay,46.46,8,5,2017
2017-05-08,FROZEN FOODS,123.501,0,NDay,46.46,8,5,2017
2017-05-08,MEATS,262.865,0,NDay,46.46,8,5,2017
2017-05-08,SEAFOOD,37.041,0,NDay,46.46,8,5,2017
2017-05-09,BEVERAGES,1943.0,15,NDay,45.84,9,5,2017
2017-05-09,DAIRY,780.0,27,NDay,45.84,9,5,2017
2017-05-09,FROZEN FOODS,149.74,1,NDay,45.84,9,5,2017
2017-05-09,MEATS,329.262,0,NDay,45.84,9,5,2017
2017-05-09,SEAFOOD,32.089,0,NDay,45.84,9,5,2017
2017-05-10,BEVERAGES,2033.0,24,NDay,47.28,10,5,2017
2017-05-10,DAIRY,906.0,34,NDay,47.28,10,5,2017
2017-05-10,FROZEN FOODS,117.831,1,NDay,47.28,10,5,2017
2017-05-10,MEATS,263.566,0,NDay,47.28,10,5,2017
2017-05-10,SEAFOOD,25.739,0,NDay,47.28,10,5,2017
2017-05-11,BEVERAGES,1697.0,20,NDay,47.81,11,5,2017
2017-05-11,DAIRY,721.0,24,NDay,47.81,11,5,2017
2017-05-11,FROZEN FOODS,155.218,2,NDay,47.81,11,5,2017
2017-05-11,MEATS,250.201,0,NDay,47.81,11,5,2017
2017-05-11,SEAFOOD,35.929,1,NDay,47.81,11,5,2017
2017-05-12,BEVERAGES,2472.0,26,Holiday,47.83,12,5,2017
2017-05-12,DAIRY,857.0,22,Holiday,47.83,12,5,2017
2017-05-12,FROZEN FOODS,151.196,4,Holiday,47.83,12,5,2017
2017-05-12,MEATS,685.932,46,Holiday,47.83,12,5,2017
2017-05-12,SEAFOOD,33.637,7,Holiday,47.83,12,5,2017
2017-05-13,BEVERAGES,2498.0,27,Additional,47.831155680224406,13,5,2017
2017-05-13,DAIRY,939.0,23,Additional,47.832600280504906,13,5,2017
2017-05-13,FROZEN FOODS,151.66699,2,Additional,47.83346704067321,13,5,2017
2017-05-13,MEATS,249.904,0,Additional,47.83722300140252,13,5,2017
2017-05-13,SEAFOOD,32.873,1,Additional,47.83953436185133,13,5,2017
2017-05-14,BEVERAGES,883.0,18,Event,48.34601122019635,14,5,2017
2017-05-14,DAIRY,299.0,22,Event,48.34745582047686,14,5,2017
2017-05-14,FROZEN FOODS,56.68,3,Event,48.34832258064516,14,5,2017
2017-05-14,MEATS,121.785,3,Event,48.352078541374475,14,5,2017
2017-05-14,SEAFOOD,12.989,1,Event,48.35438990182328,14,5,2017
2017-05-15,BEVERAGES,2280.0,28,NDay,48.86,15,5,2017
2017-05-15,DAIRY,710.0,24,NDay,48.86,15,5,2017
2017-05-15,FROZEN FOODS,122.726,2,NDay,48.86,15,5,2017
2017-05-15,MEATS,259.611,0,NDay,48.86,15,5,2017
2017-05-15,SEAFOOD,37.686,1,NDay,48.86,15,5,2017
2017-05-16,BEVERAGES,2393.0,28,NDay,48.64,16,5,2017
2017-05-16,DAIRY,794.0,23,NDay,48.64,16,5,2017
2017-05-16,FROZEN FOODS,104.669,3,NDay,48.64,16,5,2017
2017-05-16,MEATS,218.047,1,NDay,48.64,16,5,2017
2017-05-16,SEAFOOD,33.223,1,NDay,48.64,16,5,2017
2017-05-17,BEVERAGES,2374.0,31,NDay,49.04,17,5,2017
2017-05-17,DAIRY,828.0,25,NDay,49.04,17,5,2017
2017-05-17,FROZEN FOODS,115.0,1,NDay,49.04,17,5,2017
2017-05-17,MEATS,300.755,0,NDay,49.04,17,5,2017
2017-05-17,SEAFOOD,23.303,1,NDay,49.04,17,5,2017
2017-05-18,BEVERAGES,2154.0,26,NDay,49.36,18,5,2017
2017-05-18,DAIRY,718.0,23,NDay,49.36,18,5,2017
2017-05-18,FROZEN FOODS,150.0,1,NDay,49.36,18,5,2017
2017-05-18,MEATS,418.99402,0,NDay,49.36,18,5,2017
2017-05-18,SEAFOOD,23.923,1,NDay,49.36,18,5,2017
2017-05-19,BEVERAGES,2743.0,30,NDay,50.32,19,5,2017
2017-05-19,DAIRY,957.0,26,NDay,50.32,19,5,2017
2017-05-19,FROZEN FOODS,120.0,2,NDay,50.32,19,5,2017
2017-05-19,MEATS,749.32,45,NDay,50.32,19,5,2017
2017-05-19,SEAFOOD,50.816,7,NDay,50.32,19,5,2017
2017-05-20,BEVERAGES,2379.0,28,NDay,50.32054978962132,20,5,2017
2017-05-20,DAIRY,795.0,24,NDay,50.321237026647964,20,5,2017
2017-05-20,FROZEN FOODS,101.734,3,NDay,50.32164936886396,20,5,2017
2017-05-20,MEATS,245.686,0,NDay,50.32343618513324,20,5,2017
2017-05-20,SEAFOOD,28.15,1,NDay,50.324535764375874,20,5,2017
2017-05-21,BEVERAGES,974.0,23,NDay,50.565481065918654,21,5,2017
2017-05-21,DAIRY,337.0,18,NDay,50.5661683029453,21,5,2017
2017-05-21,FROZEN FOODS,50.0,2,NDay,50.566580645161295,21,5,2017
2017-05-21,MEATS,134.231,0,NDay,50.568367461430576,21,5,2017
2017-05-21,SEAFOOD,9.536,1,NDay,50.56946704067321,21,5,2017
2017-05-22,BEVERAGES,2620.0,25,NDay,50.81,22,5,2017
2017-05-22,DAIRY,754.0,25,NDay,50.81,22,5,2017
2017-05-22,FROZEN FOODS,143.107,1,NDay,50.81,22,5,2017
2017-05-22,MEATS,220.85,0,NDay,50.81,22,5,2017
2017-05-22,SEAFOOD,20.807,1,NDay,50.81,22,5,2017
2017-05-23,BEVERAGES,2365.0,25,NDay,51.12,23,5,2017
2017-05-23,DAIRY,736.0,22,NDay,51.12,23,5,2017
2017-05-23,FROZEN FOODS,142.0,3,NDay,51.12,23,5,2017
2017-05-23,MEATS,297.33,0,NDay,51.12,23,5,2017
2017-05-23,SEAFOOD,31.115,1,NDay,51.12,23,5,2017
2017-05-24,BEVERAGES,2611.0,26,NDay,50.99,24,5,2017
2017-05-24,DAIRY,867.0,26,NDay,50.99,24,5,2017
2017-05-24,FROZEN FOODS,176.068,4,NDay,50.99,24,5,2017
2017-05-24,MEATS,305.392,0,NDay,50.99,24,5,2017
2017-05-24,SEAFOOD,35.523,1,NDay,50.99,24,5,2017
2017-05-25,BEVERAGES,2229.0,27,NDay,48.57,25,5,2017
2017-05-25,DAIRY,723.0,23,NDay,48.57,25,5,2017
2017-05-25,FROZEN FOODS,147.909,2,NDay,48.57,25,5,2017
2017-05-25,MEATS,240.719,0,NDay,48.57,25,5,2017
2017-05-25,SEAFOOD,18.622,1,NDay,48.57,25,5,2017
2017-05-26,BEVERAGES,1100.0,21,Transfer,49.58,26,5,2017
2017-05-26,DAIRY,375.0,16,Transfer,49.58,26,5,2017
2017-05-26,FROZEN FOODS,72.173996,3,Transfer,49.58,26,5,2017
2017-05-26,MEATS,363.216,33,Transfer,49.58,26,5,2017
2017-05-26,SEAFOOD,27.476,6,Transfer,49.58,26,5,2017
2017-05-27,BEVERAGES,2270.0,30,NDay,49.58003740415186,27,5,2017
2017-05-27,DAIRY,634.0,24,NDay,49.58008415934169,27,5,2017
2017-05-27,FROZEN FOODS,128.0,3,NDay,49.58011221245558,27,5,2017
2017-05-27,MEATS,212.681,0,NDay,49.580233775949125,27,5,2017
2017-05-27,SEAFOOD,15.827,1,NDay,49.58030858425285,27,5,2017
2017-05-28,BEVERAGES,1110.0,24,NDay,49.59670095380587,28,5,2017
2017-05-28,DAIRY,319.0,15,NDay,49.5967477089957,28,5,2017
2017-05-28,FROZEN FOODS,37.0,2,NDay,49.596775762109594,28,5,2017
2017-05-28,MEATS,91.293,0,NDay,49.596897325603145,28,5,2017
2017-05-28,SEAFOOD,15.35,1,NDay,49.59697213390686,28,5,2017
2017-05-29,BEVERAGES,2407.0,32,NDay,49.613364503459884,29,5,2017
2017-05-29,DAIRY,818.0,23,NDay,49.61341125864971,29,5,2017
2017-05-29,FROZEN FOODS,162.657,1,NDay,49.61343931176361,29,5,2017
2017-05-29,MEATS,462.486,0,NDay,49.61356087525716,29,5,2017
2017-05-29,SEAFOOD,15.484,1,NDay,49.61363568356088,29,5,2017
2017-05-30,BEVERAGES,1937.0,31,NDay,49.63,30,5,2017
2017-05-30,DAIRY,641.0,23,NDay,49.63,30,5,2017
2017-05-30,FROZEN FOODS,72.0,3,NDay,49.63,30,5,2017
2017-05-30,MEATS,228.297,0,NDay,49.63,30,5,2017
2017-05-30,SEAFOOD,24.452,1,NDay,49.63,30,5,2017
2017-05-31,BEVERAGES,2554.0,31,NDay,48.29,31,5,2017
2017-05-31,DAIRY,912.0,28,NDay,48.29,31,5,2017
2017-05-31,FROZEN FOODS,168.782,1,NDay,48.29,31,5,2017
2017-05-31,MEATS,343.43298,0,NDay,48.29,31,5,2017
2017-05-31,SEAFOOD,27.977,1,NDay,48.29,31,5,2017
2017-06-01,BEVERAGES,2250.0,9,NDay,48.32,1,6,2017
2017-06-01,DAIRY,801.0,2,NDay,48.32,1,6,2017
2017-06-01,FROZEN FOODS,109.0,0,NDay,48.32,1,6,2017
2017-06-01,MEATS,264.052,1,NDay,48.32,1,6,2017
2017-06-01,SEAFOOD,17.656,0,NDay,48.32,1,6,2017
2017-06-02,BEVERAGES,2752.0,27,NDay,47.68,2,6,2017
2017-06-02,DAIRY,792.0,14,NDay,47.68,2,6,2017
2017-06-02,FROZEN FOODS,242.0,2,NDay,47.68,2,6,2017
2017-06-02,MEATS,645.513,41,NDay,47.68,2,6,2017
2017-06-02,SEAFOOD,33.675,6,NDay,47.68,2,6,2017
2017-06-03,BEVERAGES,2718.0,24,NDay,47.6796858345021,3,6,2017
2017-06-03,DAIRY,862.0,16,NDay,47.679293127629734,3,6,2017
2017-06-03,FROZEN FOODS,133.03,1,NDay,47.679057503506314,3,6,2017
2017-06-03,MEATS,529.893,37,NDay,47.67803646563815,3,6,2017
2017-06-03,SEAFOOD,21.622,0,NDay,47.677408134642356,3,6,2017
2017-06-04,BEVERAGES,1142.0,17,NDay,47.53972510518934,4,6,2017
2017-06-04,DAIRY,358.0,12,NDay,47.53933239831697,4,6,2017
2017-06-04,FROZEN FOODS,34.0,0,NDay,47.539096774193546,4,6,2017
2017-06-04,MEATS,112.665,32,NDay,47.53807573632538,4,6,2017
2017-06-04,SEAFOOD,6.138,0,NDay,47.537447405329594,4,6,2017
2017-06-05,BEVERAGES,2616.0,20,NDay,47.4,5,6,2017
2017-06-05,DAIRY,769.0,13,NDay,47.4,5,6,2017
2017-06-05,FROZEN FOODS,175.56,1,NDay,47.4,5,6,2017
2017-06-05,MEATS,248.552,36,NDay,47.4,5,6,2017
2017-06-05,SEAFOOD,27.948,0,NDay,47.4,5,6,2017
2017-06-06,BEVERAGES,2625.0,24,NDay,48.13,6,6,2017
2017-06-06,DAIRY,832.0,15,NDay,48.13,6,6,2017
2017-06-06,FROZEN FOODS,105.0,2,NDay,48.13,6,6,2017
2017-06-06,MEATS,253.407,36,NDay,48.13,6,6,2017
2017-06-06,SEAFOOD,20.85,0,NDay,48.13,6,6,2017
2017-06-07,BEVERAGES,2651.0,26,NDay,45.8,7,6,2017
2017-06-07,DAIRY,842.0,17,NDay,45.8,7,6,2017
2017-06-07,FROZEN FOODS,215.23401,1,NDay,45.8,7,6,2017
2017-06-07,MEATS,315.24802,35,NDay,45.8,7,6,2017
2017-06-07,SEAFOOD,32.731,0,NDay,45.8,7,6,2017
2017-06-08,BEVERAGES,2159.0,22,NDay,45.68,8,6,2017
2017-06-08,DAIRY,648.0,27,NDay,45.68,8,6,2017
2017-06-08,FROZEN FOODS,96.0,1,NDay,45.68,8,6,2017
2017-06-08,MEATS,284.958,38,NDay,45.68,8,6,2017
2017-06-08,SEAFOOD,23.365,0,NDay,45.68,8,6,2017
2017-06-09,BEVERAGES,2532.0,23,NDay,45.82,9,6,2017
2017-06-09,DAIRY,920.0,30,NDay,45.82,9,6,2017
2017-06-09,FROZEN FOODS,167.932,3,NDay,45.82,9,6,2017
2017-06-09,MEATS,709.002,46,NDay,45.82,9,6,2017
2017-06-09,SEAFOOD,68.21,7,NDay,45.82,9,6,2017
2017-06-10,BEVERAGES,2692.0,23,NDay,45.8203141654979,10,6,2017
2017-06-10,DAIRY,785.0,30,NDay,45.820706872370266,10,6,2017
2017-06-10,FROZEN FOODS,146.0,1,NDay,45.820942496493686,10,6,2017
2017-06-10,MEATS,161.372,35,NDay,45.82196353436185,10,6,2017
2017-06-10,SEAFOOD,18.975,0,NDay,45.822591865357644,10,6,2017
2017-06-11,BEVERAGES,1272.0,23,NDay,45.96027489481066,11,6,2017
2017-06-11,DAIRY,410.0,26,NDay,45.96066760168303,11,6,2017
2017-06-11,FROZEN FOODS,65.0,1,NDay,45.960903225806454,11,6,2017
2017-06-11,MEATS,169.877,28,NDay,45.96192426367462,11,6,2017
2017-06-11,SEAFOOD,14.752,0,NDay,45.962552594670406,11,6,2017
2017-06-12,BEVERAGES,2335.0,24,NDay,46.1,12,6,2017
2017-06-12,DAIRY,746.0,30,NDay,46.1,12,6,2017
2017-06-12,FROZEN FOODS,102.864,1,NDay,46.1,12,6,2017
2017-06-12,MEATS,197.80501,37,NDay,46.1,12,6,2017
2017-06-12,SEAFOOD,23.563,0,NDay,46.1,12,6,2017
2017-06-13,BEVERAGES,2579.0,21,NDay,46.41,13,6,2017
2017-06-13,DAIRY,712.0,28,NDay,46.41,13,6,2017
2017-06-13,FROZEN FOODS,85.35,0,NDay,46.41,13,6,2017
2017-06-13,MEATS,284.787,34,NDay,46.41,13,6,2017
2017-06-13,SEAFOOD,21.864,0,NDay,46.41,13,6,2017
2017-06-14,BEVERAGES,2707.0,25,NDay,44.79,14,6,2017
2017-06-14,DAIRY,792.0,34,NDay,44.79,14,6,2017
2017-06-14,FROZEN FOODS,179.412,1,NDay,44.79,14,6,2017
2017-06-14,MEATS,259.078,41,NDay,44.79,14,6,2017
2017-06-14,SEAFOOD,24.826,0,NDay,44.79,14,6,2017
2017-06-15,BEVERAGES,2137.0,22,NDay,44.47,15,6,2017
2017-06-15,DAIRY,811.0,20,NDay,44.47,15,6,2017
2017-06-15,FROZEN FOODS,174.645,2,NDay,44.47,15,6,2017
2017-06-15,MEATS,315.79,35,NDay,44.47,15,6,2017
2017-06-15,SEAFOOD,21.546,0,NDay,44.47,15,6,2017
2017-06-16,BEVERAGES,2532.0,17,NDay,44.73,16,6,2017
2017-06-16,DAIRY,779.0,21,NDay,44.73,16,6,2017
2017-06-16,FROZEN FOODS,140.0,1,NDay,44.73,16,6,2017
2017-06-16,MEATS,741.206,44,NDay,44.73,16,6,2017
2017-06-16,SEAFOOD,50.231,7,NDay,44.73,16,6,2017
2017-06-17,BEVERAGES,2738.0,19,NDay,44.72945021037868,17,6,2017
2017-06-17,DAIRY,865.0,18,NDay,44.72876297335203,17,6,2017
2017-06-17,FROZEN FOODS,169.559,0,NDay,44.72835063113604,17,6,2017
2017-06-17,MEATS,314.448,38,NDay,44.72656381486676,17,6,2017
2017-06-17,SEAFOOD,24.749,0,NDay,44.72546423562412,17,6,2017
2017-06-18,BEVERAGES,1005.0,10,NDay,44.48451893408134,18,6,2017
2017-06-18,DAIRY,347.0,12,NDay,44.4838316970547,18,6,2017
2017-06-18,FROZEN FOODS,57.0,1,NDay,44.48341935483871,18,6,2017
2017-06-18,MEATS,82.618,29,NDay,44.48163253856942,18,6,2017
2017-06-18,SEAFOOD,13.039,0,NDay,44.48053295932679,18,6,2017
2017-06-19,BEVERAGES,2493.0,16,NDay,44.24,19,6,2017
2017-06-19,DAIRY,665.0,21,NDay,44.24,19,6,2017
2017-06-19,FROZEN FOODS,155.897,1,NDay,44.24,19,6,2017
2017-06-19,MEATS,226.78,39,NDay,44.24,19,6,2017
2017-06-19,SEAFOOD,14.224,0,NDay,44.24,19,6,2017
2017-06-20,BEVERAGES,2977.0,17,NDay,43.34,20,6,2017
2017-06-20,DAIRY,707.0,24,NDay,43.34,20,6,2017
2017-06-20,FROZEN FOODS,93.729004,0,NDay,43.34,20,6,2017
2017-06-20,MEATS,574.981,40,NDay,43.34,20,6,2017
2017-06-20,SEAFOOD,32.975,0,NDay,43.34,20,6,2017
2017-06-21,BEVERAGES,2583.0,34,NDay,42.48,21,6,2017
2017-06-21,DAIRY,810.0,26,NDay,42.48,21,6,2017
2017-06-21,FROZEN FOODS,169.245,1,NDay,42.48,21,6,2017
2017-06-21,MEATS,293.84,38,NDay,42.48,21,6,2017
2017-06-21,SEAFOOD,36.058,0,NDay,42.48,21,6,2017
2017-06-22,BEVERAGES,1824.0,21,NDay,42.53,22,6,2017
2017-06-22,DAIRY,713.0,31,NDay,42.53,22,6,2017
2017-06-22,FROZEN FOODS,82.311,0,NDay,42.53,22,6,2017
2017-06-22,MEATS,316.308,0,NDay,42.53,22,6,2017
2017-06-22,SEAFOOD,31.95,0,NDay,42.53,22,6,2017
2017-06-23,BEVERAGES,2394.0,24,Holiday,42.86,23,6,2017
2017-06-23,DAIRY,834.0,22,Holiday,42.86,23,6,2017
2017-06-23,FROZEN FOODS,138.187,1,Holiday,42.86,23,6,2017
2017-06-23,MEATS,575.063,47,Holiday,42.86,23,6,2017
2017-06-23,SEAFOOD,36.331,6,Holiday,42.86,23,6,2017
2017-06-24,BEVERAGES,2674.0,25,NDay,42.86042636746143,24,6,2017
2017-06-24,DAIRY,795.0,19,NDay,42.86095932678822,24,6,2017
2017-06-24,FROZEN FOODS,144.0,0,NDay,42.861279102384295,24,6,2017
2017-06-24,MEATS,273.322,0,NDay,42.86266479663394,24,6,2017
2017-06-24,SEAFOOD,31.667,0,NDay,42.8635175315568,24,6,2017
2017-06-25,BEVERAGES,1070.0,20,Holiday,43.05037307152875,25,6,2017
2017-06-25,DAIRY,300.0,15,Holiday,43.05090603085554,25,6,2017
2017-06-25,FROZEN FOODS,42.0,0,Holiday,43.05122580645161,25,6,2017
2017-06-25,MEATS,84.392,0,Holiday,43.05261150070126,25,6,2017
2017-06-25,SEAFOOD,8.889,0,Holiday,43.053464235624126,25,6,2017
2017-06-26,BEVERAGES,2242.0,25,NDay,43.24,26,6,2017
2017-06-26,DAIRY,748.0,19,NDay,43.24,26,6,2017
2017-06-26,FROZEN FOODS,143.611,0,NDay,43.24,26,6,2017
2017-06-26,MEATS,253.579,0,NDay,43.24,26,6,2017
2017-06-26,SEAFOOD,17.846,0,NDay,43.24,26,6,2017
2017-06-27,BEVERAGES,2101.0,25,NDay,44.25,27,6,2017
2017-06-27,DAIRY,741.0,21,NDay,44.25,27,6,2017
2017-06-27,FROZEN FOODS,68.0,0,NDay,44.25,27,6,2017
2017-06-27,MEATS,239.53,0,NDay,44.25,27,6,2017
2017-06-27,SEAFOOD,26.128,0,NDay,44.25,27,6,2017
2017-06-28,BEVERAGES,2203.0,26,NDay,44.74,28,6,2017
2017-06-28,DAIRY,805.0,23,NDay,44.74,28,6,2017
2017-06-28,FROZEN FOODS,128.0,0,NDay,44.74,28,6,2017
2017-06-28,MEATS,276.242,0,NDay,44.74,28,6,2017
2017-06-28,SEAFOOD,36.663,0,NDay,44.74,28,6,2017
2017-06-29,BEVERAGES,2128.0,26,NDay,44.88,29,6,2017
2017-06-29,DAIRY,680.0,23,NDay,44.88,29,6,2017
2017-06-29,FROZEN FOODS,159.77,0,NDay,44.88,29,6,2017
2017-06-29,MEATS,275.604,0,NDay,44.88,29,6,2017
2017-06-29,SEAFOOD,11.834,0,NDay,44.88,29,6,2017
2017-06-30,BEVERAGES,2496.0,30,NDay,46.02,30,6,2017
2017-06-30,DAIRY,784.0,23,NDay,46.02,30,6,2017
2017-06-30,FROZEN FOODS,107.0,1,NDay,46.02,30,6,2017
2017-06-30,MEATS,873.484,50,NDay,46.02,30,6,2017
2017-06-30,SEAFOOD,32.621998,7,NDay,46.02,30,6,2017
2017-07-01,BEVERAGES,2596.0,27,NDay,46.019489409454344,1,7,2017
2017-07-01,DAIRY,811.0,20,NDay,46.018851171272274,1,7,2017
2017-07-01,FROZEN FOODS,125.0,0,NDay,46.01846822836303,1,7,2017
2017-07-01,MEATS,332.281,0,NDay,46.01680880908964,1,7,2017
2017-07-01,SEAFOOD,37.762,0,NDay,46.01578762799832,1,7,2017
2017-07-02,BEVERAGES,1135.0,25,NDay,45.79202132136345,2,7,2017
2017-07-02,DAIRY,389.0,19,NDay,45.79138308318137,2,7,2017
2017-07-02,FROZEN FOODS,59.0,0,NDay,45.79100014027213,2,7,2017
2017-07-02,MEATS,112.194,0,NDay,45.78934072099874,2,7,2017
2017-07-02,SEAFOOD,15.291,0,NDay,45.78831953990742,2,7,2017
2017-07-03,BEVERAGES,2526.0,27,Holiday,45.56455323327255,3,7,2017
2017-07-03,DAIRY,801.0,22,Holiday,45.56391499509048,3,7,2017
2017-07-03,FROZEN FOODS,115.0,0,Holiday,45.56353205218123,3,7,2017
2017-07-03,MEATS,269.704,0,Holiday,45.56187263290784,3,7,2017
2017-07-03,SEAFOOD,24.831001,0,Holiday,45.560851451816525,3,7,2017
2017-07-04,BEVERAGES,2284.0,27,NDay,45.33708514518165,4,7,2017
2017-07-04,DAIRY,734.0,24,NDay,45.336446906999576,4,7,2017
2017-07-04,FROZEN FOODS,135.584,2,NDay,45.336063964090336,4,7,2017
2017-07-04,MEATS,319.655,3,NDay,45.33440454481695,4,7,2017
2017-07-04,SEAFOOD,9.174,0,NDay,45.33338336372563,4,7,2017
2017-07-05,BEVERAGES,2691.0,42,NDay,45.11,5,7,2017
2017-07-05,DAIRY,814.0,35,NDay,45.11,5,7,2017
2017-07-05,FROZEN FOODS,160.22,1,NDay,45.11,5,7,2017
2017-07-05,MEATS,269.724,3,NDay,45.11,5,7,2017
2017-07-05,SEAFOOD,38.997,0,NDay,45.11,5,7,2017
2017-07-06,BEVERAGES,2284.0,39,NDay,45.52,6,7,2017
2017-07-06,DAIRY,652.0,31,NDay,45.52,6,7,2017
2017-07-06,FROZEN FOODS,138.90201,0,NDay,45.52,6,7,2017
2017-07-06,MEATS,271.036,0,NDay,45.52,6,7,2017
2017-07-06,SEAFOOD,20.674,0,NDay,45.52,6,7,2017
2017-07-07,BEVERAGES,2574.0,41,NDay,44.25,7,7,2017
2017-07-07,DAIRY,764.0,34,NDay,44.25,7,7,2017
2017-07-07,FROZEN FOODS,125.0,0,NDay,44.25,7,7,2017
2017-07-07,MEATS,589.263,49,NDay,44.25,7,7,2017
2017-07-07,SEAFOOD,51.047,7,NDay,44.25,7,7,2017
2017-07-08,BEVERAGES,2351.0,38,NDay,44.250168302945305,8,7,2017
2017-07-08,DAIRY,754.0,36,NDay,44.25037868162693,8,7,2017
2017-07-08,FROZEN FOODS,142.344,0,NDay,44.25050490883591,8,7,2017
2017-07-08,MEATS,253.448,0,NDay,44.25105189340813,8,7,2017
2017-07-08,SEAFOOD,27.2,0,NDay,44.251388499298734,8,7,2017
2017-07-09,BEVERAGES,1181.0,35,NDay,44.325147265077135,9,7,2017
2017-07-09,DAIRY,341.0,21,NDay,44.325357643758764,9,7,2017
2017-07-09,FROZEN FOODS,39.0,0,NDay,44.325483870967744,9,7,2017
2017-07-09,MEATS,100.701004,0,NDay,44.32603085553997,9,7,2017
2017-07-09,SEAFOOD,20.111,0,NDay,44.32636746143057,9,7,2017
2017-07-10,BEVERAGES,2338.0,38,NDay,44.4,10,7,2017
2017-07-10,DAIRY,835.0,33,NDay,44.4,10,7,2017
2017-07-10,FROZEN FOODS,110.321,0,NDay,44.4,10,7,2017
2017-07-10,MEATS,253.422,0,NDay,44.4,10,7,2017
2017-07-10,SEAFOOD,16.466,0,NDay,44.4,10,7,2017
2017-07-11,BEVERAGES,2372.0,36,NDay,45.06,11,7,2017
2017-07-11,DAIRY,726.0,27,NDay,45.06,11,7,2017
2017-07-11,FROZEN FOODS,126.520004,0,NDay,45.06,11,7,2017
2017-07-11,MEATS,275.343,0,NDay,45.06,11,7,2017
2017-07-11,SEAFOOD,20.037,0,NDay,45.06,11,7,2017
2017-07-12,BEVERAGES,2460.0,45,NDay,45.48,12,7,2017
2017-07-12,DAIRY,884.0,35,NDay,45.48,12,7,2017
2017-07-12,FROZEN FOODS,164.215,0,NDay,45.48,12,7,2017
2017-07-12,MEATS,252.378,0,NDay,45.48,12,7,2017
2017-07-12,SEAFOOD,30.874,0,NDay,45.48,12,7,2017
2017-07-13,BEVERAGES,2115.0,34,NDay,46.06,13,7,2017
2017-07-13,DAIRY,764.0,23,NDay,46.06,13,7,2017
2017-07-13,FROZEN FOODS,152.52899,1,NDay,46.06,13,7,2017
2017-07-13,MEATS,230.967,0,NDay,46.06,13,7,2017
2017-07-13,SEAFOOD,31.216,0,NDay,46.06,13,7,2017
2017-07-14,BEVERAGES,2529.0,40,NDay,46.53,14,7,2017
2017-07-14,DAIRY,748.0,23,NDay,46.53,14,7,2017
2017-07-14,FROZEN FOODS,145.616,1,NDay,46.53,14,7,2017
2017-07-14,MEATS,569.363,50,NDay,46.53,14,7,2017
2017-07-14,SEAFOOD,28.565,7,NDay,46.53,14,7,2017
2017-07-15,BEVERAGES,2183.0,38,NDay,46.52942776998598,15,7,2017
2017-07-15,DAIRY,615.0,22,NDay,46.52871248246844,15,7,2017
2017-07-15,FROZEN FOODS,121.29,1,NDay,46.52828330995793,15,7,2017
2017-07-15,MEATS,262.277,0,NDay,46.52642356241234,15,7,2017
2017-07-15,SEAFOOD,14.98,0,NDay,46.525279102384296,15,7,2017
2017-07-16,BEVERAGES,1079.0,34,NDay,46.27449929873773,16,7,2017
2017-07-16,DAIRY,325.0,14,NDay,46.2737840112202,16,7,2017
2017-07-16,FROZEN FOODS,40.0,1,NDay,46.27335483870968,16,7,2017
2017-07-16,MEATS,90.05,0,NDay,46.2714950911641,16,7,2017
2017-07-16,SEAFOOD,12.314,0,NDay,46.27035063113605,16,7,2017
2017-07-17,BEVERAGES,2381.0,39,NDay,46.02,17,7,2017
2017-07-17,DAIRY,795.0,17,NDay,46.02,17,7,2017
2017-07-17,FROZEN FOODS,145.241,1,NDay,46.02,17,7,2017
2017-07-17,MEATS,224.84999,0,NDay,46.02,17,7,2017
2017-07-17,SEAFOOD,32.649002,0,NDay,46.02,17,7,2017
2017-07-18,BEVERAGES,2589.0,42,NDay,46.4,18,7,2017
2017-07-18,DAIRY,777.0,18,NDay,46.4,18,7,2017
2017-07-18,FROZEN FOODS,127.632,1,NDay,46.4,18,7,2017
2017-07-18,MEATS,327.487,0,NDay,46.4,18,7,2017
2017-07-18,SEAFOOD,23.29,0,NDay,46.4,18,7,2017
2017-07-19,BEVERAGES,2369.0,34,NDay,47.1,19,7,2017
2017-07-19,DAIRY,781.0,19,NDay,47.1,19,7,2017
2017-07-19,FROZEN FOODS,151.206,1,NDay,47.1,19,7,2017
2017-07-19,MEATS,284.469,0,NDay,47.1,19,7,2017
2017-07-19,SEAFOOD,26.513,0,NDay,47.1,19,7,2017
2017-07-20,BEVERAGES,2006.0,32,NDay,46.73,20,7,2017
2017-07-20,DAIRY,758.0,17,NDay,46.73,20,7,2017
2017-07-20,FROZEN FOODS,125.658005,1,NDay,46.73,20,7,2017
2017-07-20,MEATS,247.424,0,NDay,46.73,20,7,2017
2017-07-20,SEAFOOD,13.543,0,NDay,46.73,20,7,2017
2017-07-21,BEVERAGES,2859.0,30,NDay,45.78,21,7,2017
2017-07-21,DAIRY,741.0,18,NDay,45.78,21,7,2017
2017-07-21,FROZEN FOODS,149.934,1,NDay,45.78,21,7,2017
2017-07-21,MEATS,743.928,46,NDay,45.78,21,7,2017
2017-07-21,SEAFOOD,37.97,6,NDay,45.78,21,7,2017
2017-07-22,BEVERAGES,2258.0,22,NDay,45.780482468443196,22,7,2017
2017-07-22,DAIRY,691.0,19,NDay,45.781085553997194,22,7,2017
2017-07-22,FROZEN FOODS,181.0,1,NDay,45.781447405329594,22,7,2017
2017-07-22,MEATS,470.419,0,NDay,45.78301542776999,22,7,2017
2017-07-22,SEAFOOD,40.197,0,NDay,45.78398036465638,22,7,2017
2017-07-23,BEVERAGES,1024.0,19,Holiday,45.9954221598878,23,7,2017
2017-07-23,DAIRY,382.0,16,Holiday,45.9960252454418,23,7,2017
2017-07-23,FROZEN FOODS,70.0,1,Holiday,45.99638709677419,23,7,2017
2017-07-23,MEATS,143.506,0,Holiday,45.99795511921459,23,7,2017
2017-07-23,SEAFOOD,13.663,0,Holiday,45.998920056100985,23,7,2017
2017-07-24,BEVERAGES,2158.0,22,Additional,46.21,24,7,2017
2017-07-24,DAIRY,758.0,18,Additional,46.21,24,7,2017
2017-07-24,FROZEN FOODS,131.623,1,Additional,46.21,24,7,2017
2017-07-24,MEATS,417.179,0,Additional,46.21,24,7,2017
2017-07-24,SEAFOOD,33.989,0,Additional,46.21,24,7,2017
2017-07-25,BEVERAGES,2438.0,23,Additional,47.77,25,7,2017
2017-07-25,DAIRY,698.0,18,Additional,47.77,25,7,2017
2017-07-25,FROZEN FOODS,123.389,1,Additional,47.77,25,7,2017
2017-07-25,MEATS,248.94301,0,Additional,47.77,25,7,2017
2017-07-25,SEAFOOD,20.752,0,Additional,47.77,25,7,2017
2017-07-26,BEVERAGES,2242.0,21,NDay,48.58,26,7,2017
2017-07-26,DAIRY,775.0,17,NDay,48.58,26,7,2017
2017-07-26,FROZEN FOODS,157.342,1,NDay,48.58,26,7,2017
2017-07-26,MEATS,284.578,0,NDay,48.58,26,7,2017
2017-07-26,SEAFOOD,20.793,0,NDay,48.58,26,7,2017
2017-07-27,BEVERAGES,2002.0,27,NDay,49.05,27,7,2017
2017-07-27,DAIRY,722.0,8,NDay,49.05,27,7,2017
2017-07-27,FROZEN FOODS,130.785,1,NDay,49.05,27,7,2017
2017-07-27,MEATS,269.968,0,NDay,49.05,27,7,2017
2017-07-27,SEAFOOD,17.661,0,NDay,49.05,27,7,2017
2017-07-28,BEVERAGES,2358.0,26,NDay,49.72,28,7,2017
2017-07-28,DAIRY,711.0,7,NDay,49.72,28,7,2017
2017-07-28,FROZEN FOODS,121.0,1,NDay,49.72,28,7,2017
2017-07-28,MEATS,546.222,45,NDay,49.72,28,7,2017
2017-07-28,SEAFOOD,31.619,5,NDay,49.72,28,7,2017
2017-07-29,BEVERAGES,2161.0,22,NDay,49.720549789621316,29,7,2017
2017-07-29,DAIRY,676.0,7,NDay,49.72123702664796,29,7,2017
2017-07-29,FROZEN FOODS,133.5,1,NDay,49.72164936886396,29,7,2017
2017-07-29,MEATS,204.293,0,NDay,49.72343618513324,29,7,2017
2017-07-29,SEAFOOD,24.553,0,NDay,49.72453576437587,29,7,2017
2017-07-30,BEVERAGES,1212.0,16,NDay,49.96548106591865,30,7,2017
2017-07-30,DAIRY,316.0,6,NDay,49.9661683029453,30,7,2017
2017-07-30,FROZEN FOODS,37.0,1,NDay,49.966580645161294,30,7,2017
2017-07-30,MEATS,165.56999,0,NDay,49.968367461430574,30,7,2017
2017-07-30,SEAFOOD,7.8719997,0,NDay,49.96946704067321,30,7,2017
2017-07-31,BEVERAGES,2414.0,24,NDay,50.21,31,7,2017
2017-07-31,DAIRY,727.0,7,NDay,50.21,31,7,2017
2017-07-31,FROZEN FOODS,158.354,2,NDay,50.21,31,7,2017
2017-07-31,MEATS,254.116,0,NDay,50.21,31,7,2017
2017-07-31,SEAFOOD,25.119,0,NDay,50.21,31,7,2017
2017-08-01,BEVERAGES,2627.0,26,NDay,49.19,1,8,2017
2017-08-01,DAIRY,668.0,3,NDay,49.19,1,8,2017
2017-08-01,FROZEN FOODS,144.126,1,NDay,49.19,1,8,2017
2017-08-01,MEATS,336.499,0,NDay,49.19,1,8,2017
2017-08-01,SEAFOOD,33.489998,0,NDay,49.19,1,8,2017
2017-08-02,BEVERAGES,2645.0,25,NDay,49.6,2,8,2017
2017-08-02,DAIRY,941.0,3,NDay,49.6,2,8,2017
2017-08-02,FROZEN FOODS,200.899,2,NDay,49.6,2,8,2017
2017-08-02,MEATS,270.592,0,NDay,49.6,2,8,2017
2017-08-02,SEAFOOD,24.878,0,NDay,49.6,2,8,2017
2017-08-03,BEVERAGES,2037.0,7,NDay,49.03,3,8,2017
2017-08-03,DAIRY,529.0,12,NDay,49.03,3,8,2017
2017-08-03,FROZEN FOODS,132.185,1,NDay,49.03,3,8,2017
2017-08-03,MEATS,272.606,0,NDay,49.03,3,8,2017
2017-08-03,SEAFOOD,33.486,0,NDay,49.03,3,8,2017
2017-08-04,BEVERAGES,2479.0,10,NDay,49.57,4,8,2017
2017-08-04,DAIRY,767.0,20,NDay,49.57,4,8,2017
2017-08-04,FROZEN FOODS,143.0,1,NDay,49.57,4,8,2017
2017-08-04,MEATS,639.55096,48,NDay,49.57,4,8,2017
2017-08-04,SEAFOOD,33.768,6,NDay,49.57,4,8,2017
2017-08-05,BEVERAGES,2093.0,7,Holiday,49.56977559607293,5,8,2017
2017-08-05,DAIRY,624.0,21,Holiday,49.56949509116409,5,8,2017
2017-08-05,FROZEN FOODS,155.597,1,Holiday,49.569326788218795,5,8,2017
2017-08-05,MEATS,481.923,0,Holiday,49.56859747545582,5,8,2017
2017-08-05,SEAFOOD,17.625,0,Holiday,49.56814866760168,5,8,2017
2017-08-06,BEVERAGES,968.0,5,NDay,49.46980364656381,6,8,2017
2017-08-06,DAIRY,312.0,14,NDay,49.469523141654975,6,8,2017
2017-08-06,FROZEN FOODS,40.0,1,NDay,49.46935483870968,6,8,2017
2017-08-06,MEATS,116.098,0,NDay,49.468625525946706,6,8,2017
2017-08-06,SEAFOOD,11.955,0,NDay,49.468176718092565,6,8,2017
2017-08-07,BEVERAGES,2086.0,7,NDay,49.37,7,8,2017
2017-08-07,DAIRY,717.0,18,NDay,49.37,7,8,2017
2017-08-07,FROZEN FOODS,136.719,0,NDay,49.37,7,8,2017
2017-08-07,MEATS,236.746,0,NDay,49.37,7,8,2017
2017-08-07,SEAFOOD,32.321,0,NDay,49.37,7,8,2017
2017-08-08,BEVERAGES,2418.0,7,NDay,49.07,8,8,2017
2017-08-08,DAIRY,569.0,20,NDay,49.07,8,8,2017
2017-08-08,FROZEN FOODS,134.287,1,NDay,49.07,8,8,2017
2017-08-08,MEATS,226.22499,0,NDay,49.07,8,8,2017
2017-08-08,SEAFOOD,74.51,0,NDay,49.07,8,8,2017
2017-08-09,BEVERAGES,2311.0,7,NDay,49.59,9,8,2017
2017-08-09,DAIRY,789.0,17,NDay,49.59,9,8,2017
2017-08-09,FROZEN FOODS,154.309,0,NDay,49.59,9,8,2017
2017-08-09,MEATS,373.666,0,NDay,49.59,9,8,2017
2017-08-09,SEAFOOD,21.437,0,NDay,49.59,9,8,2017
2017-08-10,BEVERAGES,2377.0,6,NDay,48.54,10,8,2017
2017-08-10,DAIRY,736.0,21,NDay,48.54,10,8,2017
2017-08-10,FROZEN FOODS,167.70999,1,NDay,48.54,10,8,2017
2017-08-10,MEATS,243.94301,0,NDay,48.54,10,8,2017
2017-08-10,SEAFOOD,39.369,0,NDay,48.54,10,8,2017
2017-08-11,BEVERAGES,1006.0,3,Transfer,48.81,11,8,2017
2017-08-11,DAIRY,343.0,14,Transfer,48.81,11,8,2017
2017-08-11,FROZEN FOODS,61.0,1,Transfer,48.81,11,8,2017
2017-08-11,MEATS,385.99402,38,Transfer,48.81,11,8,2017
2017-08-11,SEAFOOD,19.424,4,Transfer,48.81,11,8,2017
2017-08-12,BEVERAGES,1659.0,7,NDay,48.80863113604488,12,8,2017
2017-08-12,DAIRY,526.0,19,NDay,48.806920056100985,12,8,2017
2017-08-12,FROZEN FOODS,107.794,1,NDay,48.805893408134644,12,8,2017
2017-08-12,MEATS,211.756,0,NDay,48.801444600280504,12,8,2017
2017-08-12,SEAFOOD,20.15,0,NDay,48.79870687237027,12,8,2017
2017-08-13,BEVERAGES,803.0,5,NDay,48.19880224403927,13,8,2017
2017-08-13,DAIRY,266.0,15,NDay,48.197091164095376,13,8,2017
2017-08-13,FROZEN FOODS,50.0,1,NDay,48.196064516129034,13,8,2017
2017-08-13,MEATS,88.182,0,NDay,48.191615708274895,13,8,2017
2017-08-13,SEAFOOD,11.378,0,NDay,48.18887798036466,13,8,2017
2017-08-14,BEVERAGES,2201.0,9,NDay,47.59,14,8,2017
2017-08-14,DAIRY,699.0,23,NDay,47.59,14,8,2017
2017-08-14,FROZEN FOODS,110.0,0,NDay,47.59,14,8,2017
2017-08-14,MEATS,192.763,0,NDay,47.59,14,8,2017
2017-08-14,SEAFOOD,14.129,0,NDay,47.59,14,8,2017
2017-08-15,BEVERAGES,1942.0,11,Holiday,47.57,15,8,2017
2017-08-15,DAIRY,602.0,19,Holiday,47.57,15,8,2017
2017-08-15,FROZEN FOODS,89.0,1,Holiday,47.57,15,8,2017
2017-08-15,MEATS,274.176,0,Holiday,47.57,15,8,2017
2017-08-15,SEAFOOD,22.487,0,Holiday,47.57,15,8,2017
